tm,stnId,maxTa,minTa,avgTa,sumRn,sumSsHr,sumLrgEv,avgRhm,avgPa
1970-10-01,119,21.3,6.4,14.2,,10.5,4.0,79.0,1016.2
1970-10-02,119,21.4,4.9,12.9,,10.3,2.8,79.0,1017.8
1970-10-03,119,22.8,5.4,14.1,,10.1,2.5,79.0,1015.4
1970-10-04,119,22.4,5.8,14.2,,9.9,4.1,81.8,1012.6
1970-10-05,119,23.5,5.6,14.4,,9.9,3.2,83.5,1012.5
1970-10-06,119,24.8,6.2,15.0,,10.0,2.4,82.5,1015.1
1970-10-07,119,24.8,7.5,15.6,,9.8,2.8,77.8,1015.4
1970-10-08,119,25.1,9.6,16.8,,9.1,3.0,78.5,1016.3
1970-10-09,119,21.6,9.0,16.1,,8.3,1.1,85.5,1018.2
1970-10-10,119,21.2,12.5,16.3,,5.4,1.3,88.0,1018.7
1970-10-11,119,20.5,12.3,17.5,1.4,3.4,0.5,88.3,1016.8
1970-10-12,119,21.1,13.5,17.2,7.0,7.7,2.0,88.5,1011.9
1970-10-13,119,24.6,10.3,17.9,,9.7,3.4,76.0,1014.0
1970-10-14,119,23.7,8.6,16.3,,9.5,1.9,77.5,1016.7
1970-10-15,119,23.8,10.9,16.6,,7.3,1.9,87.5,1015.8
1970-10-16,119,24.1,10.0,16.6,,9.6,1.8,83.5,1014.7
1970-10-17,119,23.1,9.0,15.2,,10.0,3.0,81.0,1014.0
1970-10-18,119,21.9,6.5,13.7,,8.9,1.9,82.5,1015.2
1970-10-19,119,21.9,6.3,13.7,,9.2,2.5,75.8,1016.9
1970-10-20,119,21.4,6.5,13.7,,9.4,2.1,73.8,1020.1
1970-10-21,119,21.2,4.6,13.1,,9.4,1.5,83.0,1021.4
1970-10-22,119,20.7,5.8,13.3,,9.3,1.6,81.3,1019.5
1970-10-23,119,19.8,7.6,14.1,,6.0,1.3,86.5,1015.7
1970-10-24,119,19.0,13.9,16.8,84.0,0.0,0.3,96.0,1008.6
1970-10-25,119,19.6,8.8,16.4,143.5,0.0,1.2,94.3,1002.7
1970-10-26,119,9.4,1.6,5.3,,8.6,1.8,57.5,1017.7
1970-10-27,119,10.7,-1.1,5.2,2.0,9.2,1.5,71.0,1020.5
1970-10-28,119,13.7,4.4,7.4,9.3,6.2,1.3,82.3,1014.6
1970-10-29,119,9.4,2.6,5.7,,9.0,2.1,66.5,1017.6
1970-10-30,119,9.4,-1.0,4.0,,9.8,1.8,70.5,1023.0
1970-10-31,119,15.4,-0.4,7.2,,9.2,1.5,81.5,1021.3
1971-10-01,119,22.2,11.8,16.7,,7.4,1.8,87.5,1012.8
1971-10-02,119,19.8,8.9,14.4,,11.0,4.0,68.8,1012.8
1971-10-03,119,22.0,5.8,13.7,,9.9,2.6,75.3,1014.9
1971-10-04,119,22.4,7.2,15.0,0.3,10.1,2.1,79.3,1014.3
1971-10-05,119,19.8,6.2,12.2,,11.1,1.7,75.8,1016.1
1971-10-06,119,19.5,3.9,11.5,,9.9,2.5,77.5,1017.2
1971-10-07,119,21.3,4.8,12.5,,10.0,2.4,77.3,1019.8
1971-10-08,119,23.6,5.5,13.9,,8.9,1.3,75.5,1021.3
1971-10-09,119,24.3,7.0,15.1,,9.7,2.6,75.5,1017.6
1971-10-10,119,23.1,6.9,14.8,5.4,7.7,3.4,82.5,1008.7
1971-10-11,119,14.5,5.6,9.2,1.8,10.4,3.0,62.8,1006.5
1971-10-12,119,14.0,1.8,7.5,,10.9,3.0,58.0,1013.2
1971-10-13,119,18.1,-0.6,8.4,,10.6,2.1,73.0,1020.8
1971-10-14,119,20.4,3.1,11.2,,10.5,2.0,74.8,1022.9
1971-10-15,119,18.3,3.8,10.6,,9.4,1.6,86.0,1019.7
1971-10-16,119,21.3,9.0,14.4,,5.7,1.6,87.5,1014.0
1971-10-17,119,18.7,6.3,12.8,,10.0,3.0,70.5,1014.6
1971-10-18,119,21.9,2.6,11.6,,9.6,2.2,81.8,1018.4
1971-10-19,119,22.5,7.9,15.1,,10.2,2.6,68.3,1021.3
1971-10-20,119,22.1,8.1,13.9,,9.4,1.8,74.5,1023.1
1971-10-21,119,20.5,8.5,14.2,,8.2,1.4,74.3,1021.9
1971-10-22,119,15.5,5.0,12.5,4.2,1.8,1.2,84.8,1016.7
1971-10-23,119,13.3,1.3,8.0,,9.3,2.3,70.3,1019.8
1971-10-24,119,12.7,0.0,6.2,,10.1,1.8,80.0,1019.1
1971-10-25,119,11.1,0.9,5.4,,3.3,0.5,87.5,1017.2
1971-10-26,119,13.2,0.1,6.2,,9.0,2.3,81.0,1016.4
1971-10-27,119,17.7,1.1,8.8,,9.5,1.9,81.3,1018.4
1971-10-28,119,17.2,-0.3,7.4,,9.0,1.5,85.0,1020.1
1971-10-29,119,17.4,1.5,8.6,,7.7,1.0,84.5,1017.0
1971-10-30,119,18.5,4.9,10.9,,8.6,1.7,85.0,1013.2
1971-10-31,119,18.8,3.7,9.5,,10.2,1.2,83.5,1017.0
1972-10-01,119,20.2,9.7,14.9,1.6,10.6,2.5,79.3,1017.7
1972-10-02,119,22.3,6.6,15.0,,7.4,2.2,78.8,1017.9
1972-10-03,119,18.0,11.9,14.8,9.4,2.6,0.5,90.0,1004.1
1972-10-04,119,18.1,9.7,13.2,13.8,4.6,2.8,80.0,1005.9
1972-10-05,119,21.1,7.0,14.3,0.1,9.7,2.4,84.5,1014.2
1972-10-06,119,23.3,6.8,14.6,,9.9,2.1,85.3,1015.1
1972-10-07,119,22.8,9.5,15.8,,7.9,1.1,90.0,1017.5
1972-10-08,119,25.9,11.7,17.5,,10.6,2.1,82.5,1018.2
1972-10-09,119,26.1,10.1,17.7,,9.3,2.6,80.3,1014.8
1972-10-10,119,19.9,7.4,13.9,0.3,7.4,2.5,83.8,1009.8
1972-10-11,119,15.0,3.9,9.2,,10.6,3.2,66.3,1012.0
1972-10-12,119,18.3,2.0,11.1,0.1,8.3,1.9,81.5,1010.9
1972-10-13,119,20.4,5.9,13.3,,9.6,1.6,83.8,1013.5
1972-10-14,119,21.4,8.7,14.8,,7.3,2.0,87.0,1014.6
1972-10-15,119,21.0,9.7,15.9,4.1,8.2,3.0,81.0,1010.5
1972-10-16,119,18.2,6.7,12.1,,9.3,2.8,77.3,1017.0
1972-10-17,119,21.0,6.8,12.2,,8.0,1.4,78.5,1017.2
1972-10-18,119,20.9,4.8,12.4,,9.0,1.5,79.3,1016.6
1972-10-19,119,24.0,9.1,17.1,,10.2,2.9,65.8,1015.5
1972-10-20,119,26.1,10.1,18.3,,8.3,2.3,73.3,1014.3
1972-10-21,119,18.5,3.8,13.7,17.9,0.0,0.7,85.8,1006.9
1972-10-22,119,11.8,0.3,6.9,0.7,9.8,1.8,66.3,1014.6
1972-10-23,119,15.0,5.7,9.7,3.1,6.6,1.5,87.5,1015.6
1972-10-24,119,18.1,3.9,10.1,,6.4,1.5,85.5,1018.8
1972-10-25,119,18.4,4.6,11.3,0.8,8.7,3.0,80.3,1020.5
1972-10-26,119,19.7,1.7,10.3,5.0,9.6,2.4,73.3,1018.3
1972-10-27,119,13.5,3.2,8.9,,9.9,1.6,68.0,1019.4
1972-10-28,119,17.6,1.7,9.3,,8.5,1.6,78.3,1013.6
1972-10-29,119,18.5,5.1,11.8,,5.5,0.9,86.8,1007.4
1972-10-30,119,14.2,4.7,10.8,0.2,7.5,2.3,79.0,1010.3
1972-10-31,119,11.4,-1.5,4.7,,9.8,1.7,65.0,1019.3
1973-10-01,119,24.6,9.9,16.6,,7.0,2.4,85.0,1012.7
1973-10-02,119,19.1,6.5,13.5,0.8,1.6,1.8,74.3,1014.0
1973-10-03,119,23.4,11.8,16.4,3.4,7.2,1.9,80.8,1015.9
1973-10-04,119,20.8,13.9,17.6,0.0,0.0,0.9,84.0,1017.0
1973-10-05,119,18.3,13.2,16.0,2.0,0.0,1.2,78.8,1018.5
1973-10-06,119,19.3,10.8,15.0,,0.0,1.0,80.8,1017.2
1973-10-07,119,18.6,10.7,14.9,2.4,0.0,1.0,86.3,1013.6
1973-10-08,119,20.5,6.3,14.3,,9.8,3.2,68.8,1019.5
1973-10-09,119,21.0,5.2,13.3,,9.5,1.9,69.5,1021.0
1973-10-10,119,19.7,6.9,13.2,,2.4,1.1,82.0,1019.4
1973-10-11,119,24.8,9.7,15.7,,9.2,2.4,78.0,1017.8
1973-10-12,119,22.8,10.9,16.3,0.0,1.9,2.0,81.0,1015.2
1973-10-13,119,16.7,6.2,13.0,0.8,0.0,2.7,65.8,1012.9
1973-10-14,119,13.5,1.9,7.8,,9.4,3.0,46.5,1019.0
1973-10-15,119,17.7,0.1,8.8,,9.6,1.8,72.3,1022.1
1973-10-16,119,,,10.5,,6.1,,81.0,1020.5
1973-10-17,119,16.4,5.2,11.2,,9.2,4.3,62.5,1018.5
1973-10-18,119,16.2,-1.6,7.9,,9.5,2.2,57.0,1020.5
1973-10-19,119,20.4,1.5,10.9,,9.1,1.6,78.5,1020.3
1973-10-20,119,15.7,8.5,12.5,0.2,0.0,0.7,84.8,1013.0
1973-10-21,119,21.3,10.3,14.7,8.7,3.5,2.8,74.0,1007.1
1973-10-22,119,14.9,4.0,10.9,,7.4,3.1,62.3,1010.9
1973-10-23,119,13.4,5.5,9.2,,8.4,2.7,69.3,1013.2
1973-10-24,119,12.3,6.1,9.0,1.0,6.1,2.0,72.3,1013.8
1973-10-25,119,12.2,1.8,7.2,,8.6,2.4,73.3,1020.9
1973-10-26,119,13.2,-1.5,6.3,,5.3,1.2,79.0,1023.0
1973-10-27,119,19.0,4.7,12.3,7.4,4.8,0.9,79.5,1015.3
1973-10-28,119,17.0,5.8,12.2,4.0,6.5,2.4,83.0,1010.7
1973-10-29,119,18.5,1.1,8.6,,8.4,1.7,82.0,1019.0
1973-10-30,119,19.5,1.7,10.1,,8.3,1.1,86.8,1019.4
1973-10-31,119,16.2,5.1,9.8,0.1,1.1,0.4,93.0,1017.8
1974-10-01,119,18.7,13.1,15.8,9.8,0.0,2.4,88.8,1008.9
1974-10-02,119,24.0,16.5,19.3,0.3,2.1,1.8,77.3,1005.7
1974-10-03,119,21.5,10.8,17.6,,6.2,3.6,72.0,1005.7
1974-10-04,119,20.0,5.1,13.4,,8.1,2.5,72.3,1009.9
1974-10-05,119,21.7,6.2,13.9,,9.1,2.6,78.8,1012.2
1974-10-06,119,22.9,9.1,15.2,,8.1,2.2,82.8,1014.7
1974-10-07,119,18.1,6.8,12.8,1.1,0.0,0.9,90.0,1011.8
1974-10-08,119,19.1,10.9,15.0,0.5,1.6,2.0,85.3,1007.2
1974-10-09,119,17.5,5.9,12.1,0.0,7.7,2.9,80.3,1012.7
1974-10-10,119,18.5,1.9,9.5,,9.4,2.9,82.8,1018.2
1974-10-11,119,18.9,4.6,10.9,,7.2,2.0,79.3,1016.1
1974-10-12,119,21.5,2.5,11.6,,9.5,2.3,72.5,1016.0
1974-10-13,119,22.8,4.0,12.3,,9.4,1.8,79.0,1017.1
1974-10-14,119,19.2,4.4,12.1,,2.8,1.4,86.0,1017.6
1974-10-15,119,17.4,3.7,11.9,,9.0,2.7,73.5,1017.4
1974-10-16,119,20.3,0.1,9.8,,8.4,2.1,74.5,1019.6
1974-10-17,119,22.1,3.8,13.6,0.3,3.6,1.7,79.0,1017.9
1974-10-18,119,15.4,11.1,13.5,31.8,0.0,0.7,94.8,1010.6
1974-10-19,119,17.6,7.9,12.4,,7.0,1.3,83.8,1014.7
1974-10-20,119,15.5,3.8,10.5,1.1,7.2,2.6,75.0,1020.3
1974-10-21,119,17.1,0.6,8.6,,4.4,0.7,78.8,1020.9
1974-10-22,119,12.8,3.2,8.9,1.7,4.4,2.3,76.0,1013.8
1974-10-23,119,12.9,-0.9,5.8,,8.2,1.3,66.0,1019.2
1974-10-24,119,16.8,0.4,9.0,,5.5,1.0,77.0,1020.5
1974-10-25,119,16.6,4.1,9.2,,1.3,0.6,88.0,1019.9
1974-10-26,119,16.6,3.2,10.4,0.6,2.4,0.8,86.8,1017.3
1974-10-27,119,17.4,4.8,12.3,,2.5,1.7,81.0,1014.9
1974-10-28,119,10.4,-0.8,4.5,,8.4,2.1,63.8,1018.6
1974-10-29,119,15.4,-2.0,7.1,,4.5,2.0,76.3,1014.2
1974-10-30,119,16.4,6.8,11.2,0.7,0.9,1.6,85.0,1006.9
1974-10-31,119,8.8,-0.1,5.0,,8.3,2.6,58.5,1016.2
1975-10-01,119,25.2,15.7,20.2,0.0,3.4,1.5,68.5,1013.0
1975-10-02,119,22.1,17.2,19.1,5.8,0.0,1.6,90.0,1008.6
1975-10-03,119,22.9,17.5,20.0,5.3,0.4,1.2,89.3,1004.2
1975-10-04,119,20.0,13.5,17.7,12.0,0.0,0.5,91.3,1003.1
1975-10-05,119,23.2,10.4,15.9,,6.1,2.6,78.8,1009.6
1975-10-06,119,25.1,8.3,16.9,,8.1,2.8,78.3,1011.9
1975-10-07,119,20.4,13.0,17.0,1.3,1.5,1.2,84.3,1004.2
1975-10-08,119,20.9,9.3,14.6,1.7,9.4,3.2,66.5,1007.1
1975-10-09,119,21.0,8.9,14.6,0.5,10.0,4.0,74.5,1012.0
1975-10-10,119,21.1,5.4,13.8,2.0,3.2,1.4,76.0,1015.7
1975-10-11,119,15.3,10.0,13.8,14.2,0.0,0.5,91.0,1013.4
1975-10-12,119,21.7,7.6,13.6,,5.5,2.1,85.0,1013.3
1975-10-13,119,20.9,8.5,14.8,,8.4,2.5,73.0,1015.4
1975-10-14,119,19.3,7.7,13.3,,7.1,2.2,60.0,1020.8
1975-10-15,119,19.3,3.6,12.2,,9.5,2.8,61.8,1025.2
1975-10-16,119,20.4,5.8,13.4,,7.8,2.5,72.5,1022.4
1975-10-17,119,21.4,6.9,13.8,,8.4,2.4,74.5,1019.1
1975-10-18,119,22.5,5.4,13.5,,9.2,3.0,74.8,1017.3
1975-10-19,119,22.5,5.6,13.2,,8.7,2.1,77.5,1015.0
1975-10-20,119,22.4,5.1,12.8,,8.9,2.3,80.8,1015.6
1975-10-21,119,23.1,5.6,14.0,,8.6,2.6,76.0,1020.8
1975-10-22,119,19.7,10.8,14.4,,8.1,2.4,67.0,1022.5
1975-10-23,119,20.9,8.5,14.2,0.2,5.0,1.8,77.3,1018.5
1975-10-24,119,16.6,9.1,13.0,,1.0,0.8,82.5,1016.6
1975-10-25,119,21.0,10.8,14.5,,7.5,1.9,69.8,1017.1
1975-10-26,119,17.4,8.4,13.5,,1.6,1.8,68.8,1017.8
1975-10-27,119,17.5,5.6,12.1,0.5,1.2,0.9,80.0,1016.9
1975-10-28,119,18.5,11.6,13.9,0.2,0.8,0.9,86.3,1014.2
1975-10-29,119,14.3,5.0,11.1,0.6,6.9,2.9,64.5,1014.8
1975-10-30,119,16.0,3.2,9.9,,6.2,1.5,65.3,1021.9
1975-10-31,119,17.4,3.0,10.0,,8.8,2.0,69.3,1024.3
1976-10-01,119,23.2,10.3,15.7,,7.1,2.5,79.5,1011.9
1976-10-02,119,24.1,9.0,15.7,1.2,6.6,1.8,78.8,1010.2
1976-10-03,119,19.6,12.1,16.1,9.6,0.3,1.1,88.5,1009.0
1976-10-04,119,19.8,8.8,13.2,,4.9,1.6,80.8,1015.4
1976-10-05,119,20.9,6.0,13.3,,6.7,2.0,78.3,1020.7
1976-10-06,119,21.5,10.7,15.0,,4.8,1.9,74.5,1017.5
1976-10-07,119,20.2,10.5,15.5,0.0,0.5,0.9,81.3,1014.9
1976-10-08,119,23.7,13.2,17.1,0.0,2.4,1.9,79.0,1013.8
1976-10-09,119,24.2,10.0,16.3,,8.9,2.0,83.0,1014.1
1976-10-10,119,21.2,10.4,15.1,,0.0,1.8,88.8,1015.0
1976-10-11,119,20.9,12.6,16.2,,4.8,1.4,62.5,1018.7
1976-10-12,119,15.1,12.9,13.8,16.4,0.0,0.3,90.0,1017.7
1976-10-13,119,18.6,11.2,14.8,2.9,4.4,2.0,82.5,1016.4
1976-10-14,119,20.0,8.1,13.3,,8.9,2.0,82.3,1016.4
1976-10-15,119,21.2,6.4,12.2,,8.0,1.1,84.0,1017.0
1976-10-16,119,21.4,6.4,12.9,,8.8,1.6,81.5,1016.2
1976-10-17,119,21.8,7.0,13.7,,8.3,1.8,83.3,1013.2
1976-10-18,119,21.8,9.0,13.8,,6.0,1.4,81.5,1012.0
1976-10-19,119,22.9,9.8,15.6,1.0,3.3,1.3,79.5,1009.1
1976-10-20,119,21.4,14.7,16.9,1.5,4.6,1.8,84.8,1001.5
1976-10-21,119,17.3,6.2,12.3,,9.6,2.4,65.8,1009.1
1976-10-22,119,23.7,4.6,13.0,,9.1,1.7,66.5,1013.3
1976-10-23,119,19.1,11.0,14.5,0.0,0.0,0.6,86.5,1007.4
1976-10-24,119,16.5,5.4,11.4,,7.7,3.3,60.0,1009.4
1976-10-25,119,13.0,1.4,6.2,,8.8,2.6,47.5,1017.9
1976-10-26,119,16.5,-0.4,8.2,,6.8,1.8,74.0,1018.6
1976-10-27,119,16.5,6.1,10.8,6.1,2.4,1.4,84.5,1014.7
1976-10-28,119,14.2,3.3,9.5,11.1,6.9,2.1,66.0,1005.9
1976-10-29,119,5.8,-1.3,2.0,,8.7,2.1,44.5,1017.2
1976-10-30,119,10.6,-1.8,3.4,28.9,0.0,1.6,86.8,1014.5
1976-10-31,119,7.5,-1.6,2.4,,8.6,1.4,51.8,1023.0
1977-10-01,119,28.4,15.1,20.6,,7.8,2.7,74.0,1015.6
1977-10-02,119,28.9,13.7,20.8,,8.6,2.7,73.5,1016.7
1977-10-03,119,28.0,14.6,20.9,,9.5,1.9,71.8,1015.7
1977-10-04,119,27.8,12.6,19.4,,9.1,2.7,82.8,1014.3
1977-10-05,119,27.1,13.8,20.5,,7.5,2.3,79.0,1013.0
1977-10-06,119,19.6,14.6,17.1,0.0,0.0,1.2,81.3,1011.7
1977-10-07,119,17.2,11.9,14.9,0.0,0.2,0.7,86.8,1011.3
1977-10-08,119,21.8,8.0,13.5,,6.2,2.4,78.5,1013.2
1977-10-09,119,22.6,5.7,13.8,,9.3,3.0,79.0,1014.0
1977-10-10,119,17.2,6.3,12.0,,10.0,5.5,50.8,1017.4
1977-10-11,119,20.9,2.9,11.0,,9.8,1.8,72.0,1020.8
1977-10-12,119,20.6,3.4,11.9,,9.4,2.4,78.5,1018.5
1977-10-13,119,22.6,4.7,12.4,,8.7,2.6,81.5,1017.6
1977-10-14,119,24.4,5.8,13.4,,8.9,2.9,79.5,1015.4
1977-10-15,119,22.8,8.4,14.5,,1.7,1.8,74.3,1013.0
1977-10-16,119,18.2,1.3,10.1,,1.7,2.6,57.3,1018.6
1977-10-17,119,20.4,0.3,9.8,,9.4,2.4,66.8,1020.6
1977-10-18,119,20.9,3.3,11.4,,8.4,2.7,80.5,1020.6
1977-10-19,119,24.3,4.7,12.9,,8.9,1.6,70.0,1019.4
1977-10-20,119,23.0,5.2,13.4,,8.9,2.7,75.8,1018.4
1977-10-21,119,23.8,9.0,15.7,,7.0,1.2,82.3,1019.5
1977-10-22,119,22.8,8.8,13.2,,5.7,1.2,80.3,1019.5
1977-10-23,119,22.2,9.9,14.4,,5.9,1.3,79.8,1016.9
1977-10-24,119,21.8,9.0,14.2,,4.8,2.0,81.5,1014.8
1977-10-25,119,23.2,7.9,15.2,,8.6,1.9,75.5,1017.8
1977-10-26,119,22.0,10.0,14.7,,3.7,1.0,86.8,1023.8
1977-10-27,119,23.0,9.5,15.3,,4.0,0.6,83.3,1024.7
1977-10-28,119,25.0,9.5,16.3,,7.6,1.0,79.3,1022.8
1977-10-29,119,24.2,11.6,18.8,0.0,1.1,2.7,70.3,1016.9
1977-10-30,119,21.9,12.1,17.0,6.8,3.3,1.3,79.8,1015.3
1977-10-31,119,16.3,10.7,13.2,0.0,0.0,0.7,80.8,1018.6
1978-10-01,119,29.0,16.1,21.1,,8.0,2.6,82.5,1013.6
1978-10-02,119,28.0,14.2,19.9,,6.1,1.9,86.8,1012.6
1978-10-03,119,24.8,17.0,20.2,,1.5,1.4,87.3,1010.1
1978-10-04,119,26.0,16.4,20.0,0.0,2.7,1.8,85.3,1007.9
1978-10-05,119,24.4,12.6,17.9,,6.3,2.4,79.0,1009.9
1978-10-06,119,23.2,10.0,16.4,,7.4,1.6,77.3,1015.2
1978-10-07,119,21.4,9.0,15.5,,6.1,1.9,68.3,1022.2
1978-10-08,119,22.0,6.9,14.8,,9.4,1.7,69.5,1019.8
1978-10-09,119,23.2,9.8,15.0,4.7,4.5,2.0,76.0,1013.1
1978-10-10,119,17.6,4.0,11.4,,8.5,2.3,59.3,1017.2
1978-10-11,119,19.2,4.7,10.9,,9.5,2.3,72.0,1016.7
1978-10-12,119,17.2,0.5,8.8,,8.3,2.0,70.8,1019.5
1978-10-13,119,20.8,1.3,10.4,,9.6,1.5,73.3,1020.8
1978-10-14,119,19.6,7.7,14.3,,4.3,2.6,71.3,1017.4
1978-10-15,119,19.7,7.7,12.8,,8.8,2.1,73.8,1011.6
1978-10-16,119,21.9,4.2,12.1,,6.8,2.1,76.0,1016.1
1978-10-17,119,20.6,6.5,13.1,,5.9,1.9,81.3,1017.4
1978-10-18,119,20.0,5.4,12.1,,7.4,1.8,84.8,1018.0
1978-10-19,119,22.0,6.2,14.1,,8.0,2.0,84.0,1014.7
1978-10-20,119,17.4,6.8,12.3,,9.1,2.0,68.3,1017.1
1978-10-21,119,18.6,3.1,10.1,,8.7,3.0,67.3,1023.0
1978-10-22,119,15.3,1.0,8.3,,1.4,0.5,83.8,1023.6
1978-10-23,119,20.4,3.1,11.7,0.0,6.9,1.5,77.5,1021.5
1978-10-24,119,21.9,11.3,15.6,4.0,8.9,1.1,77.0,1019.2
1978-10-25,119,21.7,8.8,14.1,,5.0,1.1,80.3,1019.0
1978-10-26,119,22.4,7.6,14.7,0.0,3.3,2.3,68.3,1016.4
1978-10-27,119,16.8,8.2,11.9,15.4,0.0,0.1,85.8,1011.1
1978-10-28,119,9.4,5.2,7.9,9.7,0.0,0.9,95.8,1013.5
1978-10-29,119,13.0,2.4,6.7,0.4,3.2,2.2,81.8,1016.6
1978-10-30,119,16.8,1.2,7.9,,6.4,1.5,83.0,1022.1
1978-10-31,119,17.4,5.0,10.5,,3.8,0.9,83.8,1022.3
1979-10-01,119,25.0,10.9,16.6,,9.1,1.8,75.3,1003.5
1979-10-02,119,25.3,10.3,17.4,2.2,5.6,0.8,77.8,1005.9
1979-10-03,119,22.8,13.1,17.2,4.6,5.0,0.8,78.0,1003.5
1979-10-04,119,24.2,11.4,17.3,,9.9,3.0,59.0,1002.5
1979-10-05,119,18.0,5.9,11.5,,9.9,4.0,46.0,1009.8
1979-10-06,119,22.6,2.4,11.4,,9.9,3.1,68.5,1014.0
1979-10-07,119,24.1,3.9,12.7,,9.9,2.0,78.5,1012.1
1979-10-08,119,24.9,7.1,14.7,,6.8,2.7,81.5,1013.6
1979-10-09,119,25.4,10.4,16.1,,8.3,2.1,80.8,1015.6
1979-10-10,119,23.8,11.0,15.6,,6.4,2.4,80.0,1014.4
1979-10-11,119,20.0,9.4,14.3,0.0,0.8,0.7,83.8,1014.9
1979-10-12,119,22.4,6.0,13.2,,9.8,2.4,71.3,1018.7
1979-10-13,119,22.7,4.8,13.6,,9.5,2.3,72.8,1019.1
1979-10-14,119,23.5,9.8,14.9,,4.8,1.2,75.3,1018.3
1979-10-15,119,24.3,6.6,14.3,,9.9,2.5,78.3,1018.8
1979-10-16,119,26.2,9.2,16.3,,9.8,2.6,76.3,1018.7
1979-10-17,119,26.4,9.1,16.9,,9.5,1.2,73.3,1016.4
1979-10-18,119,25.5,9.8,16.3,,8.1,2.3,75.0,1010.8
1979-10-19,119,23.8,10.5,17.1,,9.8,3.0,73.0,1005.3
1979-10-20,119,23.2,8.2,14.2,3.5,7.8,3.0,73.0,1009.9
1979-10-21,119,11.9,3.0,8.0,,9.6,2.2,51.5,1017.3
1979-10-22,119,16.5,-0.4,8.5,0.0,5.6,1.6,71.8,1020.4
1979-10-23,119,19.2,4.3,10.7,,5.3,1.2,80.8,1018.8
1979-10-24,119,21.5,9.4,15.4,,3.8,1.0,78.5,1015.4
1979-10-25,119,21.2,9.2,14.8,0.4,7.4,2.3,73.8,1015.2
1979-10-26,119,21.8,5.4,12.3,,9.2,1.6,75.5,1016.2
1979-10-27,119,22.9,6.8,13.7,,9.2,2.0,78.5,1014.8
1979-10-28,119,22.5,9.6,15.1,,9.0,1.2,82.3,1014.7
1979-10-29,119,22.2,8.2,14.6,,7.9,1.7,82.5,1014.0
1979-10-30,119,21.6,7.3,13.7,,8.9,2.3,72.8,1013.8
1979-10-31,119,16.1,4.7,10.9,,0.7,1.1,82.0,1014.3
1980-10-01,119,23.1,7.0,14.5,,9.2,3.2,79.5,1016.7
1980-10-02,119,24.1,6.4,14.1,,9.5,2.8,76.5,1019.4
1980-10-03,119,25.1,7.5,16.0,,9.8,3.4,70.0,1021.4
1980-10-04,119,24.6,9.7,17.0,,9.7,2.9,74.5,1023.4
1980-10-05,119,16.4,13.9,15.2,15.9,0.0,0.7,93.0,1019.3
1980-10-06,119,20.9,13.6,16.4,1.7,1.6,1.2,88.0,1010.6
1980-10-07,119,23.7,11.7,16.3,,8.3,2.5,85.5,1010.1
1980-10-08,119,20.8,8.2,15.7,0.1,9.8,3.4,67.8,1013.0
1980-10-09,119,22.1,5.4,13.5,,8.8,1.2,78.8,1018.1
1980-10-10,119,17.8,14.0,15.5,14.8,0.0,1.0,91.0,1013.7
1980-10-11,119,24.6,12.6,17.8,0.1,9.7,2.3,81.3,1011.6
1980-10-12,119,24.2,13.4,18.6,,5.4,3.4,69.8,1014.0
1980-10-13,119,22.1,13.5,18.0,,3.7,2.3,69.5,1011.3
1980-10-14,119,20.6,7.9,13.4,,9.9,2.8,60.3,1011.8
1980-10-15,119,20.6,3.1,11.4,,9.8,2.9,75.3,1016.3
1980-10-16,119,19.9,9.1,12.8,0.0,3.2,0.9,78.3,1014.0
1980-10-17,119,21.8,6.5,13.8,,8.8,2.6,83.3,1014.8
1980-10-18,119,18.0,7.4,13.2,,0.0,1.4,83.3,1016.4
1980-10-19,119,22.5,4.3,11.4,,8.8,2.1,80.0,1017.1
1980-10-20,119,21.4,7.7,13.7,,9.4,2.0,73.3,1017.6
1980-10-21,119,12.6,3.1,8.1,,9.4,3.0,57.5,1019.3
1980-10-22,119,13.5,-1.9,4.8,,9.5,1.4,71.0,1019.0
1980-10-23,119,17.2,-1.6,6.3,,9.2,2.5,70.3,1016.9
1980-10-24,119,17.4,2.4,9.9,0.0,4.4,1.1,73.0,1010.7
1980-10-25,119,11.6,1.2,7.3,20.5,0.0,0.5,84.3,997.6
1980-10-26,119,6.7,1.1,3.8,0.0,4.2,2.0,55.5,1007.8
1980-10-27,119,10.3,2.2,6.1,,8.6,2.3,55.3,1015.5
1980-10-28,119,11.5,-2.7,3.6,,8.9,1.6,76.5,1018.8
1980-10-29,119,13.1,-2.0,4.7,,8.4,1.6,77.3,1018.3
1980-10-30,119,14.0,-1.6,4.5,1.7,5.5,1.1,84.0,1016.9
1980-10-31,119,9.2,0.0,3.9,,8.8,1.8,55.3,1021.2
1981-10-01,119,23.3,12.0,16.8,,7.3,2.9,83.0,1004.9
1981-10-02,119,21.5,9.2,15.7,,9.3,2.8,57.0,1007.9
1981-10-03,119,23.5,6.7,14.7,,9.0,3.0,70.5,1014.8
1981-10-04,119,17.7,8.6,14.0,4.0,0.0,0.2,84.5,1012.6
1981-10-05,119,21.0,12.8,15.9,7.0,5.8,2.1,82.0,1009.2
1981-10-06,119,20.7,11.4,15.3,,3.1,1.4,82.0,1010.9
1981-10-07,119,21.7,11.1,16.1,,2.5,1.5,81.8,1010.9
1981-10-08,119,20.5,12.6,16.2,0.0,0.0,2.7,74.5,1006.1
1981-10-09,119,16.3,8.6,12.7,,8.2,3.4,55.0,1008.8
1981-10-10,119,20.5,5.8,12.6,,9.0,2.4,75.8,1013.1
1981-10-11,119,21.1,6.3,13.2,,8.6,2.0,82.5,1016.8
1981-10-12,119,21.9,6.8,14.4,,8.5,1.9,75.5,1020.1
1981-10-13,119,18.6,7.8,13.3,0.0,2.4,2.7,80.0,1016.2
1981-10-14,119,16.5,3.3,9.8,,9.3,2.8,59.3,1018.8
1981-10-15,119,18.9,4.2,11.1,,7.8,1.5,72.8,1015.9
1981-10-16,119,20.4,6.9,13.2,,6.2,1.8,81.8,1013.8
1981-10-17,119,23.2,7.1,15.1,0.4,7.8,2.5,77.5,1013.3
1981-10-18,119,19.3,10.9,15.0,10.5,3.2,2.0,83.8,1012.4
1981-10-19,119,18.0,7.9,13.0,,1.0,2.5,74.5,1018.3
1981-10-20,119,18.8,6.5,11.9,,7.6,2.6,68.0,1019.5
1981-10-21,119,21.6,6.5,15.4,0.4,7.3,1.3,64.5,1011.9
1981-10-22,119,14.5,3.0,10.8,1.3,3.7,,69.3,1005.1
1981-10-23,119,6.5,-1.3,3.3,0.0,3.8,1.0,57.3,1009.5
1981-10-24,119,11.2,3.7,7.0,0.8,6.6,,65.0,1012.4
1981-10-25,119,13.3,-1.0,7.0,0.0,5.1,1.8,69.3,1020.5
1981-10-26,119,15.1,1.7,7.4,,7.7,2.6,79.5,1025.5
1981-10-27,119,15.9,1.1,8.4,,4.3,1.3,79.0,1023.6
1981-10-28,119,11.7,6.6,9.3,8.9,0.0,0.2,91.5,1013.6
1981-10-29,119,14.8,3.5,8.3,,7.8,2.4,77.5,1015.4
1981-10-30,119,18.4,3.7,10.3,,6.7,2.0,67.0,1015.6
1981-10-31,119,13.5,2.8,9.4,3.5,8.2,,58.8,1016.9
1982-10-01,119,26.7,9.2,17.6,,8.6,3.5,73.5,1012.8
1982-10-02,119,22.9,13.6,17.9,0.0,3.7,1.4,82.0,1012.5
1982-10-03,119,24.5,12.1,17.2,0.1,5.9,1.6,81.3,1013.9
1982-10-04,119,24.7,14.0,18.3,,5.4,2.2,75.8,1015.1
1982-10-05,119,25.7,9.3,17.0,,6.9,2.1,73.8,1014.2
1982-10-06,119,25.4,8.8,16.3,,9.5,2.6,69.3,1013.4
1982-10-07,119,25.1,7.4,16.2,,9.5,2.2,75.3,1010.8
1982-10-08,119,26.8,10.4,18.2,,7.7,3.6,66.5,1011.3
1982-10-09,119,25.5,8.6,16.8,,9.3,2.5,59.5,1017.0
1982-10-10,119,25.6,8.4,16.8,,7.8,1.9,73.3,1019.0
1982-10-11,119,24.4,12.2,17.5,,8.0,1.9,83.3,1018.1
1982-10-12,119,24.4,13.2,18.0,,7.0,2.1,83.0,1019.0
1982-10-13,119,25.5,11.6,16.8,,8.2,2.2,82.8,1019.8
1982-10-14,119,23.7,7.2,15.4,,4.5,1.6,76.0,1016.9
1982-10-15,119,24.0,12.4,17.6,,3.3,1.5,72.8,1013.8
1982-10-16,119,22.2,9.2,15.7,,7.0,2.6,65.3,1016.3
1982-10-17,119,20.8,11.6,15.6,0.0,2.0,1.0,68.8,1015.0
1982-10-18,119,23.2,12.1,17.6,0.0,3.9,0.8,71.8,1009.4
1982-10-19,119,17.2,11.4,14.1,48.8,0.0,0.4,88.5,1000.1
1982-10-20,119,17.2,6.6,12.1,,9.0,2.0,74.3,1005.9
1982-10-21,119,20.2,7.1,12.5,,8.9,2.3,77.8,1008.6
1982-10-22,119,20.2,4.0,11.3,,8.8,3.2,65.5,1015.3
1982-10-23,119,11.1,2.7,7.3,,8.5,,49.5,1020.3
1982-10-24,119,6.8,-1.0,2.8,,8.9,,41.3,1018.0
1982-10-25,119,10.9,-3.6,3.5,,8.2,1.8,60.3,1018.0
1982-10-26,119,17.9,5.5,10.6,0.0,6.8,1.6,71.3,1018.7
1982-10-27,119,18.9,4.0,10.5,,6.7,0.8,81.8,1019.9
1982-10-28,119,20.3,7.1,12.8,,7.8,1.1,77.3,1018.1
1982-10-29,119,23.2,5.9,13.3,,8.0,1.7,73.0,1016.3
1982-10-30,119,23.3,8.5,15.3,,7.3,2.0,70.5,1014.4
1982-10-31,119,14.5,9.8,12.9,7.8,0.0,0.1,91.8,1012.0
1983-10-01,119,24.6,13.2,18.1,0.5,5.0,1.2,85.0,1014.3
1983-10-02,119,23.8,14.9,19.3,,3.1,1.7,84.8,1013.1
1983-10-03,119,20.9,15.6,17.9,18.9,0.8,0.7,92.3,1012.5
1983-10-04,119,23.2,15.1,17.8,1.0,2.9,1.4,92.8,1011.3
1983-10-05,119,19.0,9.6,14.9,,10.0,3.3,59.0,1014.1
1983-10-06,119,19.1,5.0,12.0,,10.1,2.6,66.5,1014.7
1983-10-07,119,18.0,6.9,13.0,3.4,0.6,0.4,76.5,1014.5
1983-10-08,119,15.6,12.5,14.0,10.1,0.0,0.2,88.5,1010.3
1983-10-09,119,20.4,12.4,15.8,,6.1,1.8,83.8,1014.7
1983-10-10,119,22.4,9.7,15.1,,8.2,1.6,86.3,1015.5
1983-10-11,119,20.9,15.4,17.3,,2.5,1.7,83.0,1015.0
1983-10-12,119,21.3,13.4,17.4,0.0,6.8,1.9,73.5,1014.5
1983-10-13,119,15.1,11.5,13.5,2.0,0.8,0.6,85.8,1014.1
1983-10-14,119,20.6,7.9,13.8,,6.7,1.2,80.8,1017.5
1983-10-15,119,21.3,10.8,15.3,,4.4,1.4,80.8,1014.0
1983-10-16,119,20.5,8.3,13.7,,8.3,1.7,85.3,1012.0
1983-10-17,119,20.9,11.8,15.3,,2.2,1.7,78.8,1013.1
1983-10-18,119,20.1,12.6,15.9,,3.0,1.9,68.8,1016.4
1983-10-19,119,18.0,12.4,14.9,0.3,0.1,1.5,83.3,1013.8
1983-10-20,119,20.0,8.5,13.8,,4.1,1.3,79.5,1014.5
1983-10-21,119,19.1,7.2,12.1,,9.3,1.8,80.8,1014.4
1983-10-22,119,17.9,6.6,11.2,,9.2,2.8,65.5,1015.8
1983-10-23,119,12.0,2.2,7.2,,9.7,,41.8,1018.9
1983-10-24,119,11.6,-1.6,4.9,,9.2,,62.3,1020.8
1983-10-25,119,12.8,-1.8,5.8,,4.8,,67.3,1023.1
1983-10-26,119,13.7,6.5,9.3,5.6,4.2,1.2,80.5,1018.3
1983-10-27,119,16.1,3.7,9.0,,6.8,1.3,80.8,1020.8
1983-10-28,119,16.8,2.1,9.0,,7.5,0.9,85.5,1020.0
1983-10-29,119,18.7,3.7,9.9,,8.1,1.4,79.0,1020.7
1983-10-30,119,16.5,2.9,9.0,0.0,8.8,1.2,75.8,1021.5
1983-10-31,119,14.7,6.3,9.9,7.2,8.8,1.4,81.3,1018.6
1984-10-01,119,24.4,16.0,19.3,,2.5,1.8,82.3,1011.5
1984-10-02,119,19.8,13.3,17.3,3.0,0.3,0.4,91.5,1007.6
1984-10-03,119,19.0,8.6,15.9,0.0,6.5,3.7,66.8,1008.8
1984-10-04,119,18.0,4.9,10.3,1.9,7.1,1.9,75.8,1014.1
1984-10-05,119,18.4,2.6,10.3,,7.6,2.0,73.0,1018.3
1984-10-06,119,20.5,8.0,13.1,0.3,10.0,2.5,72.8,1019.0
1984-10-07,119,20.8,6.4,13.4,,9.8,2.3,68.8,1020.5
1984-10-08,119,21.8,6.6,14.3,,9.5,2.6,69.3,1020.5
1984-10-09,119,22.0,7.4,14.2,,8.7,2.0,71.3,1019.2
1984-10-10,119,23.0,6.9,14.6,,9.4,1.8,75.8,1018.7
1984-10-11,119,24.8,9.3,16.2,,9.5,2.4,75.0,1018.7
1984-10-12,119,20.8,10.8,15.3,,2.4,1.4,76.8,1016.4
1984-10-13,119,21.9,8.9,15.0,,8.2,1.8,80.3,1013.2
1984-10-14,119,20.6,11.1,15.2,,5.8,1.9,80.8,1015.7
1984-10-15,119,22.4,7.3,14.6,,9.0,2.6,68.8,1017.7
1984-10-16,119,20.0,9.7,14.1,,2.3,1.0,82.8,1010.0
1984-10-17,119,21.0,10.6,15.6,,6.6,2.7,70.0,1008.1
1984-10-18,119,21.2,4.7,12.6,,9.5,2.3,58.3,1017.8
1984-10-19,119,21.2,6.9,14.5,3.5,9.5,2.7,63.8,1016.3
1984-10-20,119,12.6,5.1,9.4,3.1,6.6,2.8,62.8,1012.0
1984-10-21,119,10.6,1.2,5.2,,9.7,2.6,51.3,1015.5
1984-10-22,119,20.0,1.8,11.3,,6.3,1.3,74.0,1010.5
1984-10-23,119,19.6,10.4,15.1,,7.3,1.9,81.0,1010.7
1984-10-24,119,18.8,6.4,12.4,,6.5,1.2,84.5,1016.4
1984-10-25,119,20.0,8.1,13.3,,7.6,1.3,82.8,1016.8
1984-10-26,119,22.2,6.5,14.0,,8.6,1.5,76.0,1014.3
1984-10-27,119,17.4,7.3,12.9,2.5,9.5,3.2,73.0,1009.9
1984-10-28,119,11.6,4.6,7.7,0.0,5.4,1.7,64.5,1012.8
1984-10-29,119,12.1,-0.1,6.0,,9.1,1.9,65.3,1015.0
1984-10-30,119,11.5,1.1,6.0,,9.4,1.8,52.0,1018.7
1984-10-31,119,15.1,-1.4,7.0,0.0,5.5,0.7,76.5,1019.4
1985-10-01,119,18.7,5.7,12.1,0.0,7.9,2.5,72.5,1013.2
1985-10-02,119,20.1,5.1,12.1,,10.0,1.9,73.8,1016.9
1985-10-03,119,23.4,6.3,14.9,,8.6,1.9,81.3,1016.4
1985-10-04,119,22.6,11.2,16.0,,2.6,1.2,84.3,1014.9
1985-10-05,119,16.9,13.7,15.3,38.6,0.0,1.3,88.5,1007.4
1985-10-06,119,17.8,13.4,15.3,3.6,0.0,0.5,81.3,1004.5
1985-10-07,119,21.1,10.7,15.9,1.5,9.4,1.8,78.8,1009.4
1985-10-08,119,23.4,10.6,16.6,,5.1,1.3,83.5,1013.7
1985-10-09,119,25.6,12.7,18.8,,6.7,2.3,80.3,1014.6
1985-10-10,119,19.4,17.0,18.3,118.7,0.0,1.5,92.3,1011.3
1985-10-11,119,25.6,17.9,20.9,0.1,2.7,1.6,82.8,1011.4
1985-10-12,119,21.9,17.1,19.6,100.7,0.0,0.5,93.5,1008.0
1985-10-13,119,20.2,10.0,16.5,,9.9,1.8,63.8,1008.6
1985-10-14,119,19.8,4.8,12.5,,8.3,1.1,71.8,1015.2
1985-10-15,119,22.9,9.3,15.3,,7.5,1.7,72.5,1014.6
1985-10-16,119,18.4,12.0,15.2,0.2,0.7,1.4,77.5,1010.0
1985-10-17,119,15.5,6.1,10.6,,8.9,2.3,54.8,1014.5
1985-10-18,119,15.3,5.1,9.4,,9.4,1.6,59.3,1015.2
1985-10-19,119,13.1,2.5,8.8,,3.0,1.8,58.3,1019.0
1985-10-20,119,15.3,4.5,9.5,,6.9,1.5,65.8,1022.5
1985-10-21,119,17.6,1.2,9.3,,8.8,1.4,70.5,1023.9
1985-10-22,119,19.6,8.7,13.4,,7.2,1.5,76.5,1018.6
1985-10-23,119,19.7,9.0,13.9,,4.7,1.2,84.0,1014.6
1985-10-24,119,19.0,8.2,13.9,,9.5,1.9,65.5,1016.3
1985-10-25,119,19.2,4.0,11.4,,6.2,2.0,76.5,1019.9
1985-10-26,119,19.0,6.5,12.4,,8.4,0.6,80.0,1019.3
1985-10-27,119,20.6,7.5,13.7,,8.3,1.0,77.3,1019.9
1985-10-28,119,21.2,9.9,15.1,,6.0,1.0,76.3,1016.7
1985-10-29,119,21.2,11.3,16.0,,7.4,1.3,76.3,1013.8
1985-10-30,119,21.4,7.5,13.3,,6.3,0.9,84.8,1013.5
1985-10-31,119,17.2,9.5,13.4,0.2,0.8,1.0,87.8,1012.3
1986-10-01,119,18.8,12.4,15.7,1.3,0.0,1.3,63.8,1014.3
1986-10-02,119,18.5,12.1,14.4,0.0,2.9,2.0,73.8,1014.7
1986-10-03,119,22.6,12.0,16.0,,7.4,2.3,80.5,1015.9
1986-10-04,119,24.5,9.1,16.2,,10.0,1.9,76.5,1019.0
1986-10-05,119,21.9,9.7,15.2,,6.0,1.2,84.8,1017.6
1986-10-06,119,23.7,14.1,17.7,,6.5,1.6,84.8,1015.5
1986-10-07,119,24.1,11.1,16.9,,7.9,1.8,79.5,1015.0
1986-10-08,119,22.5,11.8,16.3,,5.3,1.8,78.3,1012.8
1986-10-09,119,16.7,14.5,15.5,17.5,0.0,0.4,92.3,1012.5
1986-10-10,119,20.8,12.0,14.7,12.7,2.4,1.3,87.8,1009.2
1986-10-11,119,18.3,9.1,14.3,,7.2,3.1,65.0,1010.8
1986-10-12,119,20.3,4.9,12.4,,9.9,2.1,74.0,1015.2
1986-10-13,119,20.2,7.1,13.1,,5.7,0.5,85.3,1013.9
1986-10-14,119,20.6,10.2,13.4,29.5,3.8,1.3,91.3,1012.3
1986-10-15,119,18.4,9.9,13.5,0.5,3.0,0.5,91.3,1012.5
1986-10-16,119,18.0,9.6,12.5,0.2,4.5,2.3,80.0,1014.2
1986-10-17,119,13.8,5.0,9.1,,5.3,1.8,74.0,1019.2
1986-10-18,119,17.5,5.8,10.7,,9.0,2.4,68.3,1021.8
1986-10-19,119,18.0,3.0,10.0,,9.4,2.1,70.8,1025.5
1986-10-20,119,16.6,7.3,11.9,,2.8,1.8,65.3,1022.8
1986-10-21,119,11.9,9.8,10.8,37.4,0.0,0.5,90.5,1012.5
1986-10-22,119,16.8,6.1,10.9,,7.6,2.2,74.8,1019.1
1986-10-23,119,16.7,3.2,9.3,,8.8,1.5,77.5,1020.4
1986-10-24,119,17.8,7.1,11.2,,5.5,1.5,77.5,1018.0
1986-10-25,119,18.4,5.0,11.6,,5.8,2.1,82.0,1017.2
1986-10-26,119,14.4,5.3,11.1,5.8,8.7,2.3,51.0,1012.2
1986-10-27,119,13.5,0.2,7.5,3.0,8.2,1.4,66.8,1011.9
1986-10-28,119,10.2,2.0,7.0,5.3,5.5,1.7,61.5,1016.3
1986-10-29,119,8.4,0.0,4.0,,3.4,1.5,78.5,1019.2
1986-10-30,119,8.5,-0.8,3.4,,9.1,1.0,70.5,1023.2
1986-10-31,119,11.5,-2.6,3.7,,9.1,1.2,75.3,1022.7
1987-10-01,119,26.2,9.7,17.2,,10.4,2.4,73.0,1014.4
1987-10-02,119,22.8,11.6,16.7,,3.5,1.7,85.3,1010.8
1987-10-03,119,25.0,13.0,18.7,,10.0,2.8,76.0,1011.4
1987-10-04,119,27.3,10.0,16.5,,10.1,2.8,71.5,1014.2
1987-10-05,119,28.2,9.1,17.6,,10.2,2.4,67.0,1014.9
1987-10-06,119,25.0,12.0,17.9,0.0,3.8,1.3,82.8,1013.2
1987-10-07,119,24.0,12.4,18.4,7.8,5.7,3.3,77.8,1012.1
1987-10-08,119,24.2,7.3,14.8,,10.1,1.9,74.3,1016.2
1987-10-09,119,26.0,10.5,16.9,,8.6,2.0,72.5,1016.5
1987-10-10,119,27.5,12.0,19.0,,9.9,2.2,75.0,1013.2
1987-10-11,119,25.9,12.9,17.8,,6.9,1.9,79.5,1010.4
1987-10-12,119,23.8,13.6,17.9,,9.7,4.0,63.8,1014.9
1987-10-13,119,19.7,10.4,14.9,,4.4,1.7,65.3,1018.2
1987-10-14,119,20.1,13.6,16.6,0.1,1.0,1.0,74.3,1017.3
1987-10-15,119,20.2,15.4,17.6,4.7,0.0,0.6,77.8,1017.0
1987-10-16,119,24.4,14.2,18.2,4.2,8.5,3.5,72.3,1011.5
1987-10-17,119,21.0,10.9,16.1,,9.3,1.0,79.8,1006.6
1987-10-18,119,16.7,9.7,14.3,14.9,0.0,1.6,83.5,1005.0
1987-10-19,119,14.3,7.4,10.5,0.2,2.8,1.4,61.5,1009.0
1987-10-20,119,12.3,4.1,8.7,,5.8,2.5,57.5,1014.2
1987-10-21,119,11.0,3.4,6.6,,2.8,1.0,58.8,1019.4
1987-10-22,119,13.5,-0.1,6.2,,8.7,1.8,69.8,1021.7
1987-10-23,119,18.0,1.6,9.3,,6.9,0.7,71.3,1024.9
1987-10-24,119,19.4,7.6,12.1,,7.6,1.5,77.0,1021.4
1987-10-25,119,16.1,3.5,9.6,,8.7,1.1,74.5,1020.8
1987-10-26,119,20.0,3.0,10.2,,8.9,1.5,75.5,1018.1
1987-10-27,119,18.6,1.2,9.3,,8.5,1.1,82.0,1016.9
1987-10-28,119,21.6,5.7,12.8,,8.5,1.3,80.0,1016.8
1987-10-29,119,18.0,7.1,13.3,2.9,0.0,0.8,92.8,1013.3
1987-10-30,119,19.9,14.3,16.7,0.7,0.0,0.8,86.5,1013.0
1987-10-31,119,17.3,12.0,14.0,,2.8,2.4,68.8,1019.2
1988-10-01,119,23.5,9.0,16.1,,8.9,1.7,80.8,1013.9
1988-10-02,119,23.6,10.0,16.1,,8.0,2.0,74.0,1011.9
1988-10-03,119,24.4,9.2,16.3,,8.2,1.6,79.5,1012.8
1988-10-04,119,26.0,11.3,17.2,,9.7,2.5,75.0,1013.7
1988-10-05,119,21.0,15.1,17.6,2.5,0.0,0.8,79.5,1007.2
1988-10-06,119,21.2,9.4,15.5,,9.3,1.8,65.0,1003.9
1988-10-07,119,23.1,8.6,14.4,,10.3,2.1,72.3,1007.3
1988-10-08,119,22.0,8.2,14.3,,5.8,1.5,75.0,1011.2
1988-10-09,119,23.4,6.9,14.5,,9.6,2.0,79.3,1016.3
1988-10-10,119,25.0,8.5,15.6,,8.9,1.9,79.8,1019.0
1988-10-11,119,22.8,13.1,17.2,,2.9,2.3,77.8,1012.2
1988-10-12,119,16.7,6.7,12.7,1.1,5.4,,47.0,1010.7
1988-10-13,119,14.3,2.2,9.1,,9.6,,50.3,1015.0
1988-10-14,119,20.1,3.9,12.2,0.3,5.9,1.7,73.5,1011.7
1988-10-15,119,21.2,6.1,13.4,,8.6,1.9,75.0,1014.5
1988-10-16,119,22.2,7.5,15.0,,7.7,1.6,68.3,1015.8
1988-10-17,119,21.6,11.4,15.9,,7.6,2.3,78.3,1012.7
1988-10-18,119,20.5,4.5,11.9,,8.7,2.2,63.8,1015.3
1988-10-19,119,22.5,3.6,12.4,,8.7,1.7,65.0,1020.4
1988-10-20,119,16.9,7.3,12.6,,0.0,1.0,73.3,1017.1
1988-10-21,119,19.4,8.4,13.4,,0.0,0.5,86.0,1014.8
1988-10-22,119,20.8,7.2,12.5,,7.8,2.0,74.8,1017.7
1988-10-23,119,21.9,6.4,13.3,,5.1,1.6,65.8,1016.8
1988-10-24,119,14.7,10.9,13.5,5.0,0.0,0.3,86.5,1011.4
1988-10-25,119,19.4,9.3,13.1,,7.9,1.2,83.0,1012.9
1988-10-26,119,23.2,5.2,12.9,,8.5,1.5,76.3,1016.8
1988-10-27,119,18.7,7.1,12.3,,3.3,0.9,78.8,1016.9
1988-10-28,119,16.1,4.5,9.6,,9.3,2.1,56.8,1016.4
1988-10-29,119,15.0,3.1,8.7,,9.5,,42.8,1017.0
1988-10-30,119,14.2,-1.2,5.3,,9.2,,72.8,1016.9
1988-10-31,119,16.1,-1.5,6.7,,5.3,,80.5,1020.1
1989-10-01,119,23.1,9.2,16.0,,6.8,1.9,71.3,1014.2
1989-10-02,119,23.2,11.3,16.9,,9.3,2.9,60.3,1017.7
1989-10-03,119,23.4,10.3,15.8,,7.4,2.6,69.5,1018.6
1989-10-04,119,22.8,10.0,16.2,,8.7,1.4,71.5,1016.7
1989-10-05,119,20.4,12.6,15.9,0.0,0.0,1.0,80.0,1013.5
1989-10-06,119,20.0,9.3,14.4,,8.7,3.0,61.8,1013.8
1989-10-07,119,16.0,4.1,10.7,,9.0,1.9,56.8,1014.0
1989-10-08,119,16.7,3.3,9.7,,8.8,1.8,65.0,1016.5
1989-10-09,119,18.8,2.1,10.0,,8.8,1.3,72.8,1019.2
1989-10-10,119,18.8,6.6,11.9,,1.7,1.5,70.3,1015.9
1989-10-11,119,20.2,11.9,14.7,1.0,2.7,0.4,80.8,1013.4
1989-10-12,119,18.6,10.5,14.1,13.4,3.7,1.2,83.5,1013.1
1989-10-13,119,21.2,7.0,13.0,,6.0,1.3,84.5,1017.0
1989-10-14,119,23.4,8.0,14.8,,6.5,1.3,78.8,1017.8
1989-10-15,119,18.6,9.6,14.4,,0.0,1.1,86.0,1013.0
1989-10-16,119,15.6,5.3,11.0,6.8,6.2,3.6,65.5,1009.3
1989-10-17,119,10.7,1.7,6.2,,9.2,1.2,41.8,1017.5
1989-10-18,119,14.8,-0.9,7.7,,4.9,1.4,70.5,1018.3
1989-10-19,119,14.6,9.4,11.2,10.0,2.3,0.4,83.0,1014.6
1989-10-20,119,16.7,6.4,10.7,,6.7,0.9,80.0,1019.4
1989-10-21,119,19.4,3.2,9.7,,7.9,1.9,77.3,1019.4
1989-10-22,119,19.2,4.3,12.0,,5.3,0.7,84.3,1015.6
1989-10-23,119,18.5,3.4,10.6,,7.7,1.7,63.8,1015.7
1989-10-24,119,22.3,2.8,11.2,,7.6,1.8,66.0,1016.4
1989-10-25,119,21.3,4.0,13.0,,7.4,1.7,74.0,1014.5
1989-10-26,119,19.6,7.6,14.8,0.0,7.9,2.1,73.0,1016.1
1989-10-27,119,21.1,6.1,12.4,,2.9,1.6,71.0,1014.1
1989-10-28,119,20.4,9.9,14.1,0.4,8.0,2.2,85.3,1011.8
1989-10-29,119,20.4,4.4,11.2,,7.9,1.0,74.5,1015.2
1989-10-30,119,18.5,4.5,11.3,0.1,5.7,0.5,82.0,1013.0
1989-10-31,119,15.3,11.1,13.3,11.3,1.2,0.3,77.8,1002.3
1990-10-01,119,22.6,13.7,17.0,,7.2,2.7,70.0,1012.4
1990-10-02,119,22.8,7.8,14.8,,10.0,2.4,69.3,1016.2
1990-10-03,119,23.2,8.6,15.4,0.0,3.6,1.1,68.3,1015.4
1990-10-04,119,23.4,11.6,17.4,,10.0,2.8,70.5,1013.6
1990-10-05,119,25.3,9.8,16.7,,9.4,1.8,79.3,1013.2
1990-10-06,119,26.7,11.6,18.1,,9.4,2.0,74.3,1011.7
1990-10-07,119,25.0,12.0,18.4,,9.5,2.4,63.0,1009.8
1990-10-08,119,22.3,10.7,16.0,,5.3,2.5,66.0,1009.6
1990-10-09,119,17.2,6.1,11.6,,8.6,2.2,50.3,1019.5
1990-10-10,119,20.2,3.6,11.5,,10.1,2.3,66.0,1024.8
1990-10-11,119,19.6,8.2,13.1,,4.7,1.2,68.5,1021.6
1990-10-12,119,21.6,6.7,13.9,,8.0,1.8,72.5,1016.4
1990-10-13,119,23.0,11.5,16.0,,2.0,1.2,72.5,1010.9
1990-10-14,119,22.2,11.3,15.7,,9.2,1.5,82.0,1012.6
1990-10-15,119,22.8,14.1,17.3,,6.0,1.7,81.0,1013.8
1990-10-16,119,22.2,12.0,16.2,,7.9,2.9,84.5,1012.3
1990-10-17,119,16.2,7.1,12.0,,9.9,2.5,53.5,1016.0
1990-10-18,119,17.7,4.2,10.6,,9.4,1.4,67.0,1016.9
1990-10-19,119,20.4,4.9,12.4,,9.6,2.0,79.3,1015.0
1990-10-20,119,21.5,9.1,14.2,,7.3,1.1,79.0,1015.4
1990-10-21,119,23.6,5.9,14.1,,9.6,1.6,74.3,1017.5
1990-10-22,119,23.7,7.8,15.2,,8.9,1.8,65.8,1018.2
1990-10-23,119,22.1,7.1,14.0,,9.1,1.2,69.5,1017.4
1990-10-24,119,19.5,7.0,13.4,,4.7,1.0,77.0,1015.2
1990-10-25,119,18.1,11.6,13.9,,2.4,1.4,81.8,1008.8
1990-10-26,119,17.1,7.2,11.7,,7.8,1.8,65.3,1012.0
1990-10-27,119,18.1,3.7,10.5,,8.9,1.8,77.3,1018.8
1990-10-28,119,18.9,4.2,10.8,,9.0,1.2,76.8,1019.8
1990-10-29,119,19.6,8.3,12.5,,2.3,0.6,78.5,1018.7
1990-10-30,119,20.6,5.9,12.5,,8.4,1.0,80.5,1018.3
1990-10-31,119,20.5,7.1,12.4,,7.1,1.6,77.8,1017.2
1991-10-01,119,25.7,9.1,16.4,,9.4,2.1,79.0,1012.1
1991-10-02,119,24.2,11.7,17.2,,6.3,2.0,85.0,1012.1
1991-10-03,119,23.6,16.2,18.6,,4.1,2.4,79.5,1008.4
1991-10-04,119,21.3,12.5,15.8,0.9,9.3,2.5,70.0,1008.8
1991-10-05,119,21.5,8.8,14.7,,8.8,3.1,73.0,1013.1
1991-10-06,119,22.8,8.6,15.7,,9.6,2.9,75.5,1012.3
1991-10-07,119,18.0,8.8,12.8,,9.6,2.2,53.3,1013.1
1991-10-08,119,22.7,6.8,14.5,,9.0,1.7,71.0,1014.7
1991-10-09,119,23.0,8.8,16.1,,9.7,3.0,62.5,1014.4
1991-10-10,119,23.0,8.4,16.4,,9.4,2.6,57.3,1011.4
1991-10-11,119,23.4,7.7,15.3,,9.0,3.0,59.5,1009.5
1991-10-12,119,23.7,9.0,15.6,,5.9,2.1,65.0,1007.2
1991-10-13,119,24.2,8.2,15.2,,8.8,1.8,76.8,1007.6
1991-10-14,119,17.1,6.5,12.7,,9.0,2.5,42.8,1011.7
1991-10-15,119,17.6,3.4,10.9,,8.0,1.4,65.8,1015.3
1991-10-16,119,16.9,9.3,13.0,12.6,0.0,0.8,76.0,1009.5
1991-10-17,119,17.0,8.5,12.5,4.1,9.3,2.5,72.3,1010.0
1991-10-18,119,21.4,6.8,13.3,,7.3,3.2,69.8,1008.9
1991-10-19,119,13.4,4.9,9.7,,6.8,1.9,55.8,1014.4
1991-10-20,119,14.6,0.9,8.0,,9.3,2.4,70.0,1017.4
1991-10-21,119,17.4,2.4,9.2,,9.0,1.6,76.5,1019.4
1991-10-22,119,14.2,4.1,9.8,,9.3,2.5,46.3,1022.0
1991-10-23,119,16.6,2.3,9.2,,5.7,1.0,75.3,1020.6
1991-10-24,119,16.8,4.3,9.9,5.2,5.9,1.3,74.5,1014.5
1991-10-25,119,19.0,6.3,12.1,8.0,8.6,1.1,80.8,1012.0
1991-10-26,119,22.1,7.6,14.1,,7.0,2.8,68.8,1013.4
1991-10-27,119,15.0,7.0,10.9,,7.7,2.2,66.8,1015.5
1991-10-28,119,15.0,3.1,8.6,,8.3,1.2,72.8,1016.0
1991-10-29,119,16.5,0.8,7.9,,8.8,1.0,79.0,1013.7
1991-10-30,119,18.1,4.9,10.4,,7.8,1.5,75.8,1011.4
1991-10-31,119,18.3,2.0,9.0,,7.2,1.0,74.5,1013.7
1992-10-01,119,24.9,10.9,16.9,,9.3,2.0,81.5,1015.2
1992-10-02,119,25.0,10.7,17.6,,7.8,1.4,81.3,1015.2
1992-10-03,119,19.9,15.1,16.6,4.0,0.0,0.5,94.5,1012.2
1992-10-04,119,20.5,13.3,16.6,1.5,2.7,1.5,82.3,1013.3
1992-10-05,119,19.0,10.7,15.0,,6.8,1.9,73.8,1017.4
1992-10-06,119,19.6,6.8,13.2,,8.2,2.0,73.5,1020.5
1992-10-07,119,19.1,12.4,15.3,0.0,0.9,0.9,70.8,1018.0
1992-10-08,119,19.0,11.0,14.4,2.0,6.2,1.8,83.3,1017.4
1992-10-09,119,20.6,7.3,13.5,,9.4,1.4,81.0,1017.4
1992-10-10,119,19.5,7.2,13.2,,3.8,1.1,79.0,1018.1
1992-10-11,119,21.4,7.8,13.6,,8.3,2.5,83.5,1016.6
1992-10-12,119,19.3,10.4,13.7,,8.4,1.8,82.3,1017.3
1992-10-13,119,21.6,8.1,15.2,,9.0,2.6,70.5,1018.6
1992-10-14,119,21.9,8.7,15.2,,9.5,1.6,67.8,1015.0
1992-10-15,119,22.2,10.6,15.8,,5.4,1.3,81.3,1011.5
1992-10-16,119,21.5,10.3,16.2,,3.4,1.5,83.0,1010.5
1992-10-17,119,20.0,11.3,14.9,8.0,2.8,1.3,90.0,1011.7
1992-10-18,119,20.2,10.7,15.1,,6.6,1.3,77.0,1014.7
1992-10-19,119,19.8,8.0,13.6,0.0,7.0,2.0,78.8,1017.7
1992-10-20,119,19.8,9.1,14.1,,9.2,1.6,70.0,1018.9
1992-10-21,119,20.2,5.9,12.4,,7.7,1.4,82.3,1019.2
1992-10-22,119,19.0,6.0,12.8,,5.2,1.0,79.5,1017.6
1992-10-23,119,16.5,8.1,12.0,1.1,0.0,1.2,95.3,1012.6
1992-10-24,119,11.6,5.2,9.0,8.8,0.6,0.6,89.0,1010.9
1992-10-25,119,11.9,4.2,8.5,,6.7,1.3,73.8,1014.9
1992-10-26,119,14.6,1.4,7.4,,9.5,1.5,79.3,1022.0
1992-10-27,119,17.0,1.1,8.2,,8.4,1.1,78.0,1024.3
1992-10-28,119,16.5,2.0,9.0,,6.8,1.1,77.5,1019.9
1992-10-29,119,16.8,4.0,10.8,10.8,2.5,2.1,77.0,1010.6
1992-10-30,119,13.3,7.2,11.1,1.3,7.9,1.7,61.5,1009.1
1992-10-31,119,14.7,4.5,9.7,0.2,5.8,1.2,60.5,1013.7
1993-10-01,119,20.8,8.9,14.4,,10.1,2.5,62.5,1014.5
1993-10-02,119,20.2,8.7,14.6,,4.8,2.1,68.3,1018.2
1993-10-03,119,22.9,8.1,15.7,,9.4,2.4,70.3,1016.9
1993-10-04,119,22.8,9.8,15.8,,7.5,2.3,73.3,1016.1
1993-10-05,119,25.0,7.3,16.1,,9.0,2.3,68.8,1015.5
1993-10-06,119,21.7,12.9,17.2,,7.2,2.6,64.5,1015.5
1993-10-07,119,23.5,12.9,17.6,,9.8,3.0,57.8,1012.2
1993-10-08,119,24.1,8.4,16.1,,9.8,2.4,78.8,1009.3
1993-10-09,119,25.1,12.0,17.8,,7.2,1.7,82.8,1010.1
1993-10-10,119,20.1,9.7,15.9,,9.7,2.1,63.0,1014.3
1993-10-11,119,22.3,6.3,14.2,,9.2,2.4,68.3,1019.1
1993-10-12,119,21.1,10.4,15.4,0.1,6.8,2.3,77.3,1019.2
1993-10-13,119,20.6,10.3,15.7,,2.7,1.2,74.0,1018.0
1993-10-14,119,19.0,10.4,14.9,,3.3,1.4,61.5,1017.5
1993-10-15,119,20.8,7.3,13.3,,9.0,1.8,68.0,1019.8
1993-10-16,119,20.8,6.5,13.1,,9.2,2.0,73.0,1020.4
1993-10-17,119,21.6,9.8,14.4,,5.4,2.0,71.8,1017.0
1993-10-18,119,18.6,2.3,11.0,,8.1,2.0,65.8,1017.4
1993-10-19,119,19.6,4.7,11.8,,9.5,2.0,71.5,1014.7
1993-10-20,119,20.8,5.1,12.6,,7.5,1.7,71.8,1012.7
1993-10-21,119,16.9,6.4,11.9,1.8,6.2,1.6,61.5,1011.4
1993-10-22,119,15.4,1.0,7.0,6.3,5.3,,80.8,1014.1
1993-10-23,119,11.9,1.3,6.6,,9.2,,54.8,1016.5
1993-10-24,119,16.4,0.1,8.0,,7.7,,79.3,1016.2
1993-10-25,119,15.0,4.3,9.3,,9.0,,65.5,1017.0
1993-10-26,119,16.3,0.4,7.6,,7.9,,66.3,1022.1
1993-10-27,119,19.2,0.6,8.9,,8.7,,67.8,1026.6
1993-10-28,119,19.1,4.8,11.8,,6.4,1.6,63.3,1024.8
1993-10-29,119,12.9,7.4,10.8,7.6,0.0,0.5,84.8,1016.6
1993-10-30,119,7.7,4.2,6.5,6.0,1.7,,76.0,1014.2
1993-10-31,119,8.0,0.2,4.4,,0.0,,76.3,1015.6
1994-10-01,119,23.9,11.1,17.3,,8.1,1.9,69.5,1010.6
1994-10-02,119,24.4,10.9,17.9,0.7,8.7,2.4,70.5,1012.5
1994-10-03,119,24.6,14.9,17.9,3.3,3.6,2.1,67.8,1013.0
1994-10-04,119,20.2,12.7,16.6,3.4,5.8,2.7,65.3,1008.5
1994-10-05,119,21.1,10.0,15.0,2.4,7.4,3.1,70.8,1011.4
1994-10-06,119,24.2,12.7,17.7,3.6,9.7,3.9,60.0,1013.4
1994-10-07,119,22.7,10.7,16.5,,3.0,1.6,78.8,1019.6
1994-10-08,119,25.5,11.4,18.1,,8.9,2.4,70.5,1022.0
1994-10-09,119,27.0,13.1,19.4,,5.5,1.4,61.8,1019.4
1994-10-10,119,20.2,16.6,18.3,0.0,0.0,1.6,62.3,1018.4
1994-10-11,119,24.3,15.5,19.2,20.2,0.7,1.8,74.8,1010.6
1994-10-12,119,20.7,15.3,18.0,71.3,1.5,0.6,84.3,997.9
1994-10-13,119,24.3,13.5,17.8,0.0,5.5,2.0,80.0,1008.8
1994-10-14,119,22.9,9.8,15.5,,7.5,2.5,76.3,1015.7
1994-10-15,119,17.3,10.8,14.9,4.3,0.0,0.3,84.5,1016.4
1994-10-16,119,20.6,14.3,16.4,54.4,2.3,1.8,84.5,1009.3
1994-10-17,119,21.5,12.7,16.3,,3.9,1.8,70.5,1016.7
1994-10-18,119,21.7,10.2,15.7,,6.0,1.7,73.3,1018.5
1994-10-19,119,20.6,14.0,16.2,,7.3,2.4,65.8,1015.1
1994-10-20,119,20.5,6.8,13.3,1.8,7.5,2.9,60.3,1016.3
1994-10-21,119,12.1,8.0,9.3,25.6,0.0,0.2,89.8,1015.8
1994-10-22,119,17.3,5.9,10.9,,9.2,1.9,70.0,1015.9
1994-10-23,119,20.6,3.3,11.0,,9.3,1.0,69.8,1020.3
1994-10-24,119,20.3,8.1,14.5,,7.4,2.1,59.8,1023.7
1994-10-25,119,18.6,6.3,12.2,,9.3,1.5,61.0,1021.9
1994-10-26,119,19.5,4.8,11.8,,8.1,1.9,75.3,1019.2
1994-10-27,119,20.7,5.9,12.4,,7.6,1.5,70.5,1016.9
1994-10-28,119,17.3,5.1,11.3,,2.2,1.2,74.8,1013.5
1994-10-29,119,15.1,4.2,9.6,,9.5,2.0,58.3,1012.6
1994-10-30,119,16.3,2.0,8.5,,8.2,1.4,54.8,1016.1
1994-10-31,119,16.2,0.7,7.9,,9.2,1.2,58.5,1022.3
1995-10-01,119,23.1,14.2,18.2,,2.3,1.7,80.8,1016.2
1995-10-02,119,24.4,11.8,18.6,,7.5,1.9,80.5,1013.2
1995-10-03,119,23.0,16.0,18.9,0.2,0.6,1.1,93.5,1010.9
1995-10-04,119,22.0,13.6,17.9,,9.0,1.6,74.8,1011.0
1995-10-05,119,19.0,9.7,14.4,0.3,8.1,1.4,51.3,1014.7
1995-10-06,119,17.5,5.8,11.8,,10.1,1.9,53.0,1021.1
1995-10-07,119,20.5,7.5,13.4,,8.2,2.1,71.0,1019.5
1995-10-08,119,22.3,9.6,15.8,,9.4,2.7,82.0,1017.0
1995-10-09,119,21.5,10.6,15.4,,7.9,1.6,77.3,1016.2
1995-10-10,119,23.4,7.4,15.2,,8.8,1.8,70.8,1018.9
1995-10-11,119,23.8,9.0,15.7,,9.0,2.1,79.5,1019.6
1995-10-12,119,24.6,9.4,15.8,,8.2,1.0,84.5,1018.4
1995-10-13,119,26.0,7.8,16.2,,7.7,1.5,77.8,1014.8
1995-10-14,119,24.8,9.8,18.1,0.0,7.5,1.6,77.0,1009.2
1995-10-15,119,22.1,15.2,17.9,5.0,0.0,1.5,89.8,1007.2
1995-10-16,119,17.2,11.9,15.2,,0.9,0.9,78.5,1011.6
1995-10-17,119,20.5,7.5,13.9,,9.2,1.8,80.3,1016.3
1995-10-18,119,19.5,9.4,14.0,,2.5,1.0,82.3,1016.4
1995-10-19,119,22.4,10.1,16.5,,7.9,1.8,64.0,1017.0
1995-10-20,119,21.0,7.6,15.0,,8.8,2.6,59.8,1018.2
1995-10-21,119,21.8,11.4,15.7,,6.9,1.3,61.3,1015.4
1995-10-22,119,22.1,7.0,14.2,,8.4,2.1,76.3,1016.5
1995-10-23,119,21.3,7.1,14.3,0.1,6.3,0.8,82.3,1016.8
1995-10-24,119,17.4,11.0,14.0,6.7,5.9,2.4,74.5,1013.5
1995-10-25,119,17.8,6.8,12.2,,9.3,1.9,68.8,1017.8
1995-10-26,119,20.5,7.2,13.3,,8.7,1.7,83.8,1017.5
1995-10-27,119,21.7,9.8,15.1,,8.5,2.4,76.0,1018.9
1995-10-28,119,20.9,11.7,15.6,,4.0,2.1,67.0,1017.4
1995-10-29,119,21.3,7.5,14.2,,8.6,1.9,76.8,1012.0
1995-10-30,119,16.9,8.8,13.4,5.3,8.4,0.7,57.8,1007.6
1995-10-31,119,11.3,3.5,8.6,11.6,3.2,,85.8,1004.5
1996-10-01,119,24.7,16.0,19.5,,8.2,3.3,54.5,1010.3
1996-10-02,119,18.4,14.8,16.1,6.6,0.0,1.1,74.8,1009.1
1996-10-03,119,21.1,14.6,16.4,11.7,6.2,1.9,90.3,1004.9
1996-10-04,119,23.4,11.9,16.8,0.0,6.8,0.9,82.0,1007.3
1996-10-05,119,23.5,11.0,17.2,,7.7,1.9,75.8,1010.4
1996-10-06,119,17.8,13.3,16.3,23.7,0.0,1.6,90.5,1007.7
1996-10-07,119,18.6,10.2,14.0,1.0,4.5,1.0,67.0,1014.1
1996-10-08,119,19.0,8.0,13.3,,7.9,2.0,73.8,1014.6
1996-10-09,119,21.0,9.5,14.4,,9.8,2.1,64.8,1015.4
1996-10-10,119,21.5,5.8,12.8,,9.6,0.7,73.0,1018.4
1996-10-11,119,24.0,7.8,15.2,,9.3,1.0,73.5,1019.2
1996-10-12,119,24.5,13.1,17.3,,6.4,1.6,75.3,1018.8
1996-10-13,119,23.5,10.2,15.9,,4.7,0.8,77.0,1015.8
1996-10-14,119,23.2,10.0,15.4,,7.5,1.2,79.5,1008.9
1996-10-15,119,18.0,6.4,12.7,,9.9,2.7,48.5,1009.7
1996-10-16,119,17.5,3.6,10.0,,9.7,0.9,66.0,1015.8
1996-10-17,119,16.1,5.3,10.9,,0.9,0.4,76.8,1015.8
1996-10-18,119,18.2,7.5,12.7,0.1,3.0,0.5,75.8,1012.0
1996-10-19,119,19.9,5.4,12.0,,6.6,0.8,76.5,1015.2
1996-10-20,119,23.3,7.0,13.3,,5.1,0.8,75.5,1020.7
1996-10-21,119,21.5,8.9,14.2,,7.3,0.5,71.0,1022.7
1996-10-22,119,24.4,7.8,14.8,,8.8,0.9,75.3,1022.0
1996-10-23,119,23.4,8.5,15.3,,7.0,0.9,74.8,1020.5
1996-10-24,119,17.4,13.1,15.4,26.9,0.0,0.5,93.3,1017.4
1996-10-25,119,16.6,9.2,14.4,,0.0,0.6,82.3,1015.0
1996-10-26,119,11.7,1.2,6.4,,9.4,,41.5,1020.2
1996-10-27,119,15.5,-1.6,6.2,,9.4,,64.0,1019.8
1996-10-28,119,18.3,3.1,10.0,,7.3,0.6,77.5,1015.4
1996-10-29,119,22.4,9.5,15.3,,7.9,1.3,78.5,1012.6
1996-10-30,119,21.0,11.2,15.7,,0.4,0.6,75.5,1012.5
1996-10-31,119,20.1,9.1,15.3,0.0,0.5,0.7,66.0,1013.9
1997-10-01,119,26.2,11.8,18.5,,7.4,3.0,62.1,1018.2
1997-10-02,119,26.4,12.6,19.3,,8.2,2.6,57.4,1017.1
1997-10-03,119,25.6,12.4,18.7,,5.4,2.0,64.6,1015.4
1997-10-04,119,19.7,12.3,15.9,0.0,0.0,1.2,75.6,1011.9
1997-10-05,119,21.7,7.8,14.8,,10.0,1.7,55.9,1013.3
1997-10-06,119,21.5,7.3,14.9,0.1,7.2,2.8,57.1,1013.9
1997-10-07,119,20.9,10.8,14.9,2.2,8.1,3.0,55.1,1012.5
1997-10-08,119,16.5,8.3,11.7,2.8,10.4,3.4,52.6,1017.6
1997-10-09,119,19.6,4.8,13.1,,7.8,2.4,61.1,1013.3
1997-10-10,119,21.9,10.2,15.9,,8.9,3.3,53.1,1006.3
1997-10-11,119,17.0,5.9,11.4,,5.4,3.0,44.5,1011.2
1997-10-12,119,15.7,3.0,9.2,,10.1,3.9,50.4,1014.1
1997-10-13,119,20.1,3.2,12.3,14.0,8.5,3.1,62.0,1010.3
1997-10-14,119,18.8,10.5,14.2,,9.1,2.2,60.3,1009.7
1997-10-15,119,19.7,4.7,11.9,,8.7,1.7,66.4,1015.2
1997-10-16,119,22.4,6.3,14.1,,9.0,3.7,65.3,1014.1
1997-10-17,119,21.2,13.0,16.4,21.2,6.5,1.5,77.3,1010.6
1997-10-18,119,20.8,8.3,13.7,,10.0,2.5,59.9,1013.6
1997-10-19,119,23.2,5.8,15.5,,8.7,2.3,72.5,1009.0
1997-10-20,119,25.7,12.4,18.4,,7.7,1.8,76.6,1006.8
1997-10-21,119,23.8,11.3,17.4,,7.8,2.1,64.3,1007.4
1997-10-22,119,22.4,6.9,14.3,,6.4,2.8,61.1,1009.2
1997-10-23,119,24.0,8.3,16.4,,7.6,1.8,75.4,1011.1
1997-10-24,119,18.7,5.9,12.1,0.0,6.5,2.8,44.3,1016.3
1997-10-25,119,11.8,3.6,7.5,0.0,5.6,1.8,54.5,1017.3
1997-10-26,119,13.0,1.8,7.1,0.0,4.7,1.9,65.0,1016.1
1997-10-27,119,12.3,3.9,7.9,,9.0,1.8,49.9,1019.6
1997-10-28,119,12.9,1.2,6.9,,6.1,1.7,75.5,1020.0
1997-10-29,119,15.3,5.3,8.4,12.0,4.2,0.7,77.5,1017.3
1997-10-30,119,8.2,1.4,4.5,0.0,8.0,,53.1,1020.4
1997-10-31,119,8.7,-0.8,3.5,,8.6,,50.1,1024.0
1998-10-01,119,26.6,17.9,21.9,4.2,9.9,3.0,71.3,1002.1
1998-10-02,119,26.2,14.4,19.9,,9.0,2.2,81.8,1008.7
1998-10-03,119,23.7,14.6,18.5,,9.0,2.8,73.8,1013.4
1998-10-04,119,24.5,12.5,18.8,,9.5,2.9,70.5,1019.0
1998-10-05,119,25.5,14.6,19.6,,7.6,2.9,72.4,1017.6
1998-10-06,119,24.0,15.1,19.5,,4.0,1.9,76.4,1013.3
1998-10-07,119,26.4,17.0,20.9,,6.5,2.5,65.9,1010.0
1998-10-08,119,25.3,13.8,19.3,,9.4,2.4,79.0,1011.0
1998-10-09,119,25.3,15.5,19.8,,7.2,1.8,84.0,1013.7
1998-10-10,119,25.6,16.0,20.5,,5.4,1.7,80.0,1017.1
1998-10-11,119,26.2,19.0,22.0,,5.3,2.7,72.0,1020.5
1998-10-12,119,23.7,18.3,20.5,6.5,0.0,1.5,80.5,1018.3
1998-10-13,119,23.6,17.2,20.3,3.4,0.7,0.1,86.1,1012.8
1998-10-14,119,20.8,15.1,18.4,9.4,0.0,0.4,89.9,1005.6
1998-10-15,119,22.0,11.6,16.2,,6.6,2.2,72.8,1008.6
1998-10-16,119,19.5,9.9,14.4,,1.3,1.3,80.6,1010.5
1998-10-17,119,21.9,10.6,16.3,,4.0,2.0,69.9,1003.4
1998-10-18,119,19.3,12.1,15.7,,8.7,2.8,66.4,1006.6
1998-10-19,119,16.8,6.9,12.0,,9.3,2.6,47.8,1017.9
1998-10-20,119,19.7,2.9,10.9,,9.3,1.9,67.5,1023.0
1998-10-21,119,21.4,6.4,13.3,,9.8,1.9,72.5,1019.4
1998-10-22,119,19.7,9.2,14.6,,4.7,2.0,70.9,1019.2
1998-10-23,119,23.3,9.6,16.0,,9.0,1.9,74.8,1018.2
1998-10-24,119,21.1,9.6,14.6,,8.5,1.9,82.0,1018.2
1998-10-25,119,20.2,6.9,13.2,,9.2,2.1,75.0,1018.1
1998-10-26,119,21.5,9.0,14.8,,5.9,1.5,69.1,1015.6
1998-10-27,119,18.2,10.4,13.4,0.0,6.5,1.6,76.8,1014.4
1998-10-28,119,17.2,10.4,12.9,,4.3,1.0,73.3,1015.7
1998-10-29,119,19.4,8.0,13.6,,6.3,1.6,82.1,1014.0
1998-10-30,119,17.7,10.7,13.5,0.0,1.6,0.8,88.9,1012.9
1998-10-31,119,20.1,8.2,13.3,1.5,1.8,1.5,75.6,1012.6
1999-10-01,119,21.3,16.7,19.3,23.0,0.0,0.3,89.6,1012.7
1999-10-02,119,19.4,10.6,14.3,17.8,0.0,2.2,77.9,1012.7
1999-10-03,119,19.0,7.6,13.0,,10.7,2.2,60.5,1019.5
1999-10-04,119,20.7,8.4,14.3,,7.9,1.9,65.9,1019.7
1999-10-05,119,20.7,12.5,15.8,,8.4,2.2,71.4,1017.3
1999-10-06,119,18.4,12.5,15.2,0.0,0.2,0.4,86.0,1014.8
1999-10-07,119,21.8,13.3,16.2,,4.8,1.6,85.5,1011.8
1999-10-08,119,23.3,12.5,17.3,,5.8,3.1,84.1,1014.1
1999-10-09,119,24.8,14.8,19.0,,8.4,3.0,72.6,1017.1
1999-10-10,119,19.9,14.5,17.1,24.0,0.0,0.5,84.8,1014.1
1999-10-11,119,22.7,15.2,17.5,2.7,4.7,1.6,89.1,1011.2
1999-10-12,119,23.2,14.2,18.3,,3.7,1.9,75.6,1015.7
1999-10-13,119,21.1,13.6,17.6,,2.9,1.6,80.8,1015.6
1999-10-14,119,22.9,12.3,17.3,,6.8,2.0,79.4,1016.4
1999-10-15,119,20.3,9.0,15.9,,6.3,3.1,58.5,1016.3
1999-10-16,119,10.1,3.4,6.7,,8.5,2.5,40.0,1023.4
1999-10-17,119,11.4,1.7,7.1,3.5,3.0,1.4,81.3,1020.3
1999-10-18,119,16.9,3.0,9.4,,7.5,1.8,77.5,1022.2
1999-10-19,119,18.4,5.3,11.1,,9.3,2.1,75.9,1018.4
1999-10-20,119,20.1,5.0,12.3,,8.3,2.2,81.1,1016.6
1999-10-21,119,21.1,10.2,13.8,,5.3,1.6,85.1,1016.6
1999-10-22,119,20.0,6.2,12.9,,6.2,1.6,83.0,1017.7
1999-10-23,119,20.7,10.6,14.7,,8.7,2.4,70.6,1019.8
1999-10-24,119,21.7,8.2,14.1,,9.0,2.2,70.8,1019.1
1999-10-25,119,21.7,7.1,13.5,,7.0,2.2,80.9,1018.3
1999-10-26,119,18.2,8.8,13.3,,0.0,1.3,87.4,1014.9
1999-10-27,119,21.0,9.9,13.9,,6.9,0.9,85.4,1011.1
1999-10-28,119,19.5,11.2,15.5,0.6,1.7,0.9,87.3,1010.2
1999-10-29,119,15.2,6.3,9.3,,9.7,2.2,48.3,1016.4
1999-10-30,119,14.5,3.1,8.4,,9.3,1.7,65.9,1021.6
1999-10-31,119,11.7,5.1,8.3,20.7,0.0,1.7,72.8,1015.5
2000-10-01,119,24.8,12.3,19.0,,4.9,1.3,75.0,1011.4
2000-10-02,119,21.0,15.8,17.9,3.1,2.1,0.6,86.5,1008.2
2000-10-03,119,21.9,11.2,15.8,,9.0,3.1,70.0,1009.5
2000-10-04,119,20.4,9.1,15.6,,5.0,1.3,67.5,1014.0
2000-10-05,119,22.9,13.9,17.9,0.5,6.0,1.8,76.8,1016.4
2000-10-06,119,24.4,15.0,18.3,,6.1,1.9,77.0,1017.5
2000-10-07,119,26.7,12.8,19.4,,9.2,2.3,69.6,1015.6
2000-10-08,119,24.9,13.9,19.1,,5.5,1.4,73.4,1008.7
2000-10-09,119,24.4,13.6,18.2,,5.3,1.2,81.8,1009.4
2000-10-10,119,21.3,16.2,18.4,0.0,0.2,1.3,74.5,1012.0
2000-10-11,119,18.6,13.9,16.0,0.1,0.0,0.9,75.6,1012.6
2000-10-12,119,14.8,8.3,11.1,,7.5,3.1,38.5,1017.1
2000-10-13,119,14.8,4.7,9.8,,10.2,3.7,43.1,1017.9
2000-10-14,119,16.7,4.6,10.4,,6.9,1.5,61.5,1019.5
2000-10-15,119,19.9,6.4,13.1,,9.5,2.8,57.4,1022.1
2000-10-16,119,17.0,3.2,10.4,,10.7,2.4,53.1,1021.9
2000-10-17,119,14.0,6.5,10.8,1.3,0.0,0.7,80.0,1015.5
2000-10-18,119,20.2,6.4,13.8,,7.0,1.5,70.1,1018.4
2000-10-19,119,19.6,10.3,14.0,,6.1,1.1,67.0,1016.7
2000-10-20,119,21.0,10.7,14.9,,6.7,1.2,77.6,1015.2
2000-10-21,119,20.4,5.8,13.0,,7.5,1.9,64.0,1019.6
2000-10-22,119,17.5,7.3,13.3,,0.6,1.7,61.1,1017.8
2000-10-23,119,23.6,12.6,16.5,1.1,6.5,1.7,64.3,1014.0
2000-10-24,119,18.4,13.7,15.9,13.3,0.5,0.7,84.1,1013.0
2000-10-25,119,18.4,10.2,14.7,2.2,6.5,2.3,65.0,1013.8
2000-10-26,119,15.0,4.8,9.2,,9.8,2.4,40.4,1020.6
2000-10-27,119,19.1,3.6,11.7,,9.5,1.6,58.4,1022.4
2000-10-28,119,14.9,9.6,12.1,,0.0,1.0,68.1,1017.2
2000-10-29,119,12.6,4.5,9.5,,0.0,1.5,55.1,1011.5
2000-10-30,119,14.7,0.7,7.2,,9.4,1.1,59.1,1017.0
2000-10-31,119,16.4,0.3,9.0,,5.4,1.4,56.4,1018.7
2001-10-01,119,18.9,13.0,15.3,8.2,2.3,0.6,83.5,1007.0
2001-10-02,119,23.3,9.4,16.2,,10.1,1.9,73.8,1014.3
2001-10-03,119,21.5,14.4,18.1,0.2,0.8,1.3,70.4,1013.8
2001-10-04,119,19.1,14.0,16.2,5.3,0.1,0.6,76.1,1011.2
2001-10-05,119,19.1,10.7,14.2,,10.1,2.3,65.9,1015.9
2001-10-06,119,22.6,8.8,15.8,,8.4,2.1,69.1,1017.9
2001-10-07,119,21.8,12.5,17.5,,6.0,3.0,56.3,1017.0
2001-10-08,119,23.4,13.9,18.4,,6.3,2.8,56.9,1012.5
2001-10-09,119,16.7,14.4,15.6,37.8,0.0,0.3,83.0,1005.1
2001-10-10,119,15.9,12.1,14.0,5.2,0.7,0.7,85.6,1002.4
2001-10-11,119,20.0,11.8,14.9,,7.5,2.4,76.0,1009.8
2001-10-12,119,20.1,10.3,15.0,,9.1,3.5,68.0,1013.7
2001-10-13,119,21.7,9.1,15.1,,7.9,1.6,72.8,1014.1
2001-10-14,119,24.5,10.6,16.6,,9.6,2.1,66.6,1015.2
2001-10-15,119,19.4,13.0,16.8,0.4,0.4,0.9,70.8,1017.3
2001-10-16,119,21.0,12.9,16.2,,0.7,3.0,67.5,1014.2
2001-10-17,119,17.3,7.2,12.3,,9.8,2.0,33.1,1013.2
2001-10-18,119,19.9,5.9,12.4,,7.4,2.0,63.6,1016.8
2001-10-19,119,20.5,7.2,13.5,,9.0,1.8,68.3,1022.8
2001-10-20,119,21.1,8.6,14.5,,3.7,1.2,65.4,1022.5
2001-10-21,119,21.5,8.5,15.6,,6.5,1.7,62.3,1017.9
2001-10-22,119,23.4,14.2,17.3,0.0,5.2,2.6,63.5,1014.5
2001-10-23,119,21.5,8.5,14.1,,7.4,1.5,78.6,1016.9
2001-10-24,119,21.2,11.0,15.3,,6.9,1.6,72.9,1017.5
2001-10-25,119,22.3,10.0,15.9,,7.0,1.3,71.1,1018.7
2001-10-26,119,22.1,12.5,16.1,,7.1,1.2,74.3,1019.1
2001-10-27,119,20.6,10.1,15.8,0.0,1.7,1.5,72.4,1014.5
2001-10-28,119,22.3,13.2,16.6,1.0,7.5,2.2,68.4,1008.5
2001-10-29,119,19.6,12.9,15.3,,5.2,2.0,57.9,1015.9
2001-10-30,119,18.9,10.2,14.0,,3.7,1.2,73.0,1017.0
2001-10-31,119,17.9,11.3,13.9,0.0,2.0,1.0,68.3,1016.3
2002-10-01,119,23.1,12.6,17.5,,8.0,3.0,76.9,1005.3
2002-10-02,119,19.3,12.0,15.5,7.5,8.3,3.2,66.4,1005.8
2002-10-03,119,23.4,9.8,15.1,0.0,6.2,2.1,60.8,1007.8
2002-10-04,119,21.6,5.6,13.6,,10.4,2.6,56.6,1012.6
2002-10-05,119,21.0,10.1,15.6,18.5,3.7,0.9,73.5,1011.0
2002-10-06,119,19.7,11.9,15.5,5.0,0.9,1.0,73.9,1006.9
2002-10-07,119,18.0,9.5,13.4,0.0,7.4,2.1,61.3,1011.5
2002-10-08,119,16.5,7.1,11.7,,10.3,2.5,53.8,1018.9
2002-10-09,119,18.9,5.5,11.9,,10.1,2.4,61.4,1023.4
2002-10-10,119,20.7,6.6,13.5,,9.3,1.7,67.4,1022.0
2002-10-11,119,20.6,8.5,14.8,,7.9,1.8,73.1,1016.7
2002-10-12,119,22.4,9.4,15.7,,6.1,2.4,74.1,1012.5
2002-10-13,119,22.4,11.5,15.7,20.5,5.9,2.3,76.1,1011.2
2002-10-14,119,20.5,7.7,13.9,,9.4,2.1,70.9,1010.5
2002-10-15,119,18.7,10.3,13.9,6.0,5.4,2.0,72.5,1009.4
2002-10-16,119,19.4,8.0,13.7,,8.4,1.7,74.3,1015.2
2002-10-17,119,23.9,9.4,15.7,,9.3,1.9,73.1,1014.4
2002-10-18,119,19.5,11.9,16.0,,0.0,0.9,76.6,1012.4
2002-10-19,119,17.5,12.8,15.3,,0.7,1.5,55.6,1013.8
2002-10-20,119,15.2,12.0,13.2,0.4,0.0,1.8,63.1,1014.5
2002-10-21,119,15.0,4.9,10.5,0.1,3.8,1.4,57.4,1013.2
2002-10-22,119,8.5,0.6,4.2,,6.6,,42.6,1017.0
2002-10-23,119,10.8,-0.4,4.4,,5.4,1.2,53.9,1016.6
2002-10-24,119,15.3,3.5,8.8,3.5,8.2,2.1,58.0,1017.1
2002-10-25,119,12.9,3.4,8.1,0.3,5.1,1.5,74.5,1018.9
2002-10-26,119,10.0,3.0,6.1,12.0,7.1,1.8,63.9,1012.0
2002-10-27,119,7.4,1.3,3.9,,9.4,,47.4,1013.3
2002-10-28,119,7.1,-0.6,3.1,,8.7,,45.0,1016.5
2002-10-29,119,9.3,-2.7,3.1,,9.4,,57.5,1021.1
2002-10-30,119,12.4,-1.7,5.5,,6.5,1.8,55.4,1023.3
2002-10-31,119,15.7,4.5,9.4,,7.9,2.0,55.3,1017.9
2003-10-01,119,18.2,15.6,17.1,4.0,0.0,0.5,79.9,1009.7
2003-10-02,119,20.3,10.5,15.7,,5.3,3.0,57.5,1014.4
2003-10-03,119,20.6,10.3,15.7,,8.3,2.7,51.9,1018.6
2003-10-04,119,20.6,9.2,15.7,,9.9,3.6,42.9,1020.0
2003-10-05,119,19.1,8.4,14.1,,0.4,1.1,63.8,1019.4
2003-10-06,119,21.9,9.9,15.3,,8.7,2.2,70.4,1018.2
2003-10-07,119,22.5,10.6,15.8,,9.2,2.4,68.4,1017.5
2003-10-08,119,24.4,10.7,17.3,,10.3,2.7,61.4,1016.4
2003-10-09,119,25.7,12.6,18.5,,10.1,2.7,65.5,1016.8
2003-10-10,119,26.0,12.9,18.5,,8.1,2.6,65.0,1016.5
2003-10-11,119,25.6,12.6,19.1,,5.9,2.2,61.3,1012.6
2003-10-12,119,23.7,16.9,19.5,1.0,2.8,0.6,69.5,1008.4
2003-10-13,119,18.5,14.1,15.9,8.0,1.4,0.9,78.9,1012.7
2003-10-14,119,17.2,9.6,13.5,,4.4,1.9,61.0,1011.3
2003-10-15,119,16.7,7.8,12.1,,8.6,2.0,52.1,1013.0
2003-10-16,119,18.6,7.6,12.6,,10.4,2.8,62.4,1014.9
2003-10-17,119,19.8,6.9,13.3,,9.8,2.1,67.3,1014.6
2003-10-18,119,19.9,7.5,13.3,,8.3,2.2,57.4,1015.7
2003-10-19,119,18.1,3.8,10.7,,10.2,2.2,57.5,1018.1
2003-10-20,119,18.3,6.3,11.2,,2.2,1.2,63.8,1014.2
2003-10-21,119,18.1,6.0,12.1,0.1,1.9,0.9,79.9,1010.3
2003-10-22,119,16.3,8.2,11.5,2.5,7.0,2.5,64.8,1010.2
2003-10-23,119,12.8,5.8,9.0,,9.8,2.6,37.5,1015.0
2003-10-24,119,16.7,1.6,9.8,,7.8,1.1,64.9,1012.5
2003-10-25,119,17.1,9.0,12.5,3.5,9.3,3.2,54.3,1011.4
2003-10-26,119,16.9,3.2,9.8,,9.5,2.1,59.4,1014.4
2003-10-27,119,20.6,4.6,12.5,,9.2,3.4,61.5,1012.9
2003-10-28,119,15.3,5.3,9.0,11.5,6.8,2.4,47.6,1013.7
2003-10-29,119,12.3,2.9,7.2,,9.4,1.9,50.9,1018.7
2003-10-30,119,17.1,2.3,10.0,,7.1,1.4,62.0,1017.1
2003-10-31,119,21.1,7.2,12.8,,7.4,1.6,61.6,1014.6
2004-10-01,119,21.7,11.1,16.6,1.5,0.9,1.3,71.4,1012.8
2004-10-02,119,17.5,9.1,13.1,,10.7,1.3,38.5,1017.7
2004-10-03,119,19.4,5.0,12.3,,10.7,2.5,55.6,1019.2
2004-10-04,119,21.2,7.6,13.9,,7.4,2.0,63.9,1018.7
2004-10-05,119,23.3,7.8,15.8,,10.4,2.6,62.4,1015.6
2004-10-06,119,23.4,10.0,15.9,,8.1,2.4,73.6,1014.4
2004-10-07,119,23.1,11.3,16.9,,4.7,1.5,75.6,1012.9
2004-10-08,119,25.2,12.1,17.8,,6.0,1.9,75.5,1010.3
2004-10-09,119,24.6,13.3,19.4,,10.5,3.2,49.9,1009.9
2004-10-10,119,25.1,14.5,19.4,,8.5,3.2,52.4,1012.3
2004-10-11,119,23.5,11.6,17.2,,5.7,1.4,70.5,1011.5
2004-10-12,119,19.3,8.6,15.0,0.5,9.8,2.9,49.0,1013.1
2004-10-13,119,18.6,5.9,12.6,0.0,10.4,3.6,46.5,1016.6
2004-10-14,119,15.9,6.8,10.5,,10.4,2.5,46.0,1020.4
2004-10-15,119,19.8,5.7,12.5,,9.9,2.0,69.1,1019.8
2004-10-16,119,23.4,7.7,15.5,,8.2,3.0,61.4,1020.1
2004-10-17,119,20.5,10.9,15.6,,8.0,3.1,47.4,1022.5
2004-10-18,119,21.2,11.3,15.5,,3.4,1.5,59.1,1018.3
2004-10-19,119,23.2,9.1,15.7,,8.8,1.9,65.4,1012.2
2004-10-20,119,22.4,10.1,16.0,,6.9,2.8,57.6,1008.4
2004-10-21,119,21.4,8.3,14.8,,8.1,3.1,62.3,1013.0
2004-10-22,119,16.8,8.7,12.1,,9.5,2.4,43.0,1020.5
2004-10-23,119,17.5,4.9,10.9,,9.0,2.2,46.4,1024.4
2004-10-24,119,19.0,6.8,13.8,,5.5,2.0,48.4,1023.9
2004-10-25,119,19.7,10.6,14.9,,5.6,2.1,56.1,1022.0
2004-10-26,119,15.9,7.9,11.7,,9.4,2.4,40.3,1019.0
2004-10-27,119,17.0,2.8,9.7,,8.9,2.1,51.9,1021.6
2004-10-28,119,17.3,4.6,10.6,,9.3,1.9,61.1,1022.9
2004-10-29,119,18.8,6.3,12.6,,7.7,1.8,64.6,1022.3
2004-10-30,119,22.2,8.1,13.9,,8.7,1.8,65.1,1019.3
2004-10-31,119,23.0,7.4,14.6,,8.9,1.9,60.4,1014.2
2005-10-01,119,23.1,19.4,20.6,30.0,0.0,0.1,89.6,1010.6
2005-10-02,119,24.6,15.5,19.5,,3.8,2.5,65.0,1013.4
2005-10-03,119,21.1,13.4,16.4,0.0,0.3,1.2,60.3,1014.7
2005-10-04,119,21.6,12.6,16.1,,5.8,1.8,65.3,1015.4
2005-10-05,119,23.0,10.4,15.9,,9.3,1.6,70.0,1015.5
2005-10-06,119,24.4,10.8,17.7,,9.0,2.8,62.9,1015.1
2005-10-07,119,17.3,13.7,14.8,21.0,0.0,0.1,86.0,1010.5
2005-10-08,119,20.6,12.5,16.2,0.5,6.7,1.9,73.0,1014.0
2005-10-09,119,22.3,11.0,15.9,,7.9,1.2,74.5,1019.2
2005-10-10,119,24.0,11.9,17.5,,10.1,2.1,62.6,1020.2
2005-10-11,119,23.2,12.0,17.4,,10.6,2.1,61.1,1019.5
2005-10-12,119,23.5,11.1,16.8,,10.4,2.3,65.8,1017.1
2005-10-13,119,22.4,13.5,18.1,,1.8,1.4,67.0,1013.6
2005-10-14,119,18.7,12.4,15.5,0.2,7.6,3.1,46.1,1012.7
2005-10-15,119,19.9,9.8,14.0,,8.2,2.7,54.3,1011.6
2005-10-16,119,20.2,7.4,13.4,,10.2,1.8,58.5,1013.3
2005-10-17,119,22.0,7.7,15.0,,9.4,1.7,71.4,1017.0
2005-10-18,119,20.6,11.2,14.7,,6.0,1.9,67.8,1020.6
2005-10-19,119,21.9,9.1,15.1,,6.1,1.3,70.1,1022.5
2005-10-20,119,22.0,10.1,15.3,,8.4,2.0,67.4,1020.7
2005-10-21,119,15.5,9.6,12.3,17.5,0.6,2.2,77.4,1014.5
2005-10-22,119,12.9,6.0,8.9,,10.2,1.9,40.9,1017.1
2005-10-23,119,15.4,1.8,8.5,,10.1,2.1,59.5,1015.0
2005-10-24,119,18.7,5.5,11.6,,8.2,1.5,70.5,1015.0
2005-10-25,119,19.2,8.5,13.3,,6.1,1.3,69.5,1019.3
2005-10-26,119,20.4,10.9,14.6,,6.1,1.3,68.1,1020.4
2005-10-27,119,20.8,8.5,13.7,,6.6,1.3,72.5,1019.8
2005-10-28,119,16.7,9.2,12.4,1.0,4.0,1.8,65.1,1015.0
2005-10-29,119,12.6,6.5,9.8,,8.1,1.8,56.1,1013.8
2005-10-30,119,11.5,3.7,7.0,,0.1,0.7,67.4,1015.8
2005-10-31,119,15.5,1.8,8.6,,9.9,1.8,62.1,1020.0
2006-10-01,119,26.0,17.7,21.1,,3.3,2.0,54.6,1013.4
2006-10-02,119,26.7,14.2,20.1,,9.8,2.6,64.9,1012.0
2006-10-03,119,26.8,14.1,19.3,,8.2,2.3,70.9,1011.4
2006-10-04,119,28.7,14.3,20.1,,8.1,2.6,69.6,1009.2
2006-10-05,119,27.4,14.4,21.4,,9.5,4.5,47.4,1009.2
2006-10-06,119,27.1,15.3,20.9,,10.6,2.8,43.0,1008.4
2006-10-07,119,26.8,12.2,19.2,,9.7,3.5,62.1,1008.0
2006-10-08,119,25.1,15.5,19.6,,0.3,1.3,78.6,1011.0
2006-10-09,119,25.5,16.5,20.4,,0.0,1.3,79.9,1012.8
2006-10-10,119,26.2,17.1,20.1,,6.7,2.0,74.9,1014.1
2006-10-11,119,23.7,13.5,18.6,,0.0,1.6,68.9,1013.7
2006-10-12,119,23.5,8.3,15.5,,10.6,3.2,53.4,1017.9
2006-10-13,119,25.0,9.6,16.5,,8.2,2.3,55.1,1017.7
2006-10-14,119,24.4,11.5,17.8,,9.1,1.6,67.1,1015.4
2006-10-15,119,25.3,14.2,18.8,,6.1,1.7,77.0,1015.4
2006-10-16,119,26.3,13.6,19.0,,4.9,1.8,76.6,1015.4
2006-10-17,119,23.3,15.8,19.4,,0.0,1.6,76.0,1016.7
2006-10-18,119,25.2,16.2,19.6,,2.5,1.2,74.1,1017.4
2006-10-19,119,23.0,16.3,19.0,,0.4,1.3,82.9,1016.6
2006-10-20,119,24.2,15.4,18.6,,2.3,1.5,79.6,1018.3
2006-10-21,119,24.8,14.4,18.7,,6.4,1.9,66.5,1018.9
2006-10-22,119,19.6,14.5,16.5,16.0,0.0,0.4,88.0,1010.4
2006-10-23,119,16.1,11.4,13.5,2.0,0.7,1.9,59.6,1013.2
2006-10-24,119,19.6,8.9,14.1,,9.8,2.6,50.6,1021.8
2006-10-25,119,19.3,9.5,14.0,,1.7,1.7,53.4,1020.8
2006-10-26,119,20.4,11.8,15.1,,1.3,1.2,66.6,1019.6
2006-10-27,119,18.7,9.6,13.7,,9.2,1.1,66.3,1019.6
2006-10-28,119,20.5,7.7,14.0,,7.0,1.2,77.0,1016.1
2006-10-29,119,20.8,9.0,14.0,,6.5,2.4,65.0,1016.4
2006-10-30,119,20.7,6.0,12.7,,9.5,2.0,59.5,1018.5
2006-10-31,119,20.7,7.6,13.5,,7.5,1.3,71.6,1016.4
2007-10-01,119,22.7,16.1,18.6,0.0,1.5,0.7,81.3,1012.6
2007-10-02,119,23.8,17.1,19.8,0.0,2.4,3.2,76.5,1013.2
2007-10-03,119,20.6,18.5,19.3,0.5,0.0,0.5,84.0,1014.2
2007-10-04,119,24.7,17.7,20.0,5.0,2.5,1.1,84.4,1013.4
2007-10-05,119,26.1,15.6,20.4,,10.8,2.1,65.3,1013.2
2007-10-06,119,26.2,17.7,21.0,,6.9,2.6,59.1,1011.7
2007-10-07,119,25.2,15.6,19.5,0.3,5.6,2.5,75.0,1008.6
2007-10-08,119,18.0,11.3,14.0,,7.9,2.6,58.3,1010.7
2007-10-09,119,21.7,6.8,15.0,,10.9,2.2,56.8,1011.9
2007-10-10,119,22.7,10.1,16.4,,2.6,1.7,71.8,1012.7
2007-10-11,119,20.6,13.3,16.5,,4.3,2.8,55.3,1014.6
2007-10-12,119,22.6,12.1,16.8,,5.1,3.0,49.4,1018.5
2007-10-13,119,19.7,10.3,14.5,,5.4,1.6,61.1,1019.5
2007-10-14,119,21.7,10.8,15.4,,9.2,2.0,60.4,1017.1
2007-10-15,119,20.2,7.5,13.8,,9.7,2.6,72.4,1018.5
2007-10-16,119,18.7,8.3,13.7,,8.2,1.7,73.0,1018.1
2007-10-17,119,19.2,7.1,12.9,,9.6,2.2,72.1,1018.4
2007-10-18,119,20.5,6.5,13.2,,9.0,2.5,70.4,1017.5
2007-10-19,119,14.1,5.8,10.6,6.0,5.5,3.4,71.5,1011.9
2007-10-20,119,9.8,3.4,6.7,,10.2,2.0,49.9,1016.3
2007-10-21,119,17.2,2.2,9.9,,7.5,1.6,73.5,1016.3
2007-10-22,119,19.2,8.6,13.6,,8.2,1.3,80.9,1016.2
2007-10-23,119,20.8,10.1,14.4,,5.6,2.1,83.0,1020.3
2007-10-24,119,22.2,9.3,14.8,,8.6,1.3,77.6,1021.2
2007-10-25,119,20.5,9.5,14.7,3.0,1.6,1.5,82.3,1017.4
2007-10-26,119,22.0,11.8,16.1,1.5,8.7,2.0,71.1,1014.8
2007-10-27,119,21.5,8.1,13.6,,9.9,2.2,69.5,1013.3
2007-10-28,119,17.3,8.0,12.9,2.0,0.9,1.2,82.6,1010.6
2007-10-29,119,12.8,8.1,9.5,,5.3,1.5,68.6,1017.8
2007-10-30,119,14.6,5.0,9.3,,7.9,1.6,68.8,1021.1
2007-10-31,119,15.3,4.6,10.8,0.0,2.8,1.8,69.9,1019.0
2008-10-01,119,27.3,12.0,19.7,,8.0,2.3,71.9,1010.6
2008-10-02,119,25.6,15.2,20.0,,10.3,2.5,74.4,1013.1
2008-10-03,119,24.8,15.9,19.2,,6.4,1.7,85.1,1012.3
2008-10-04,119,24.1,15.4,18.8,,5.4,1.8,76.8,1011.1
2008-10-05,119,24.2,15.4,19.7,,3.2,2.9,71.3,1008.3
2008-10-06,119,22.7,14.3,17.7,,6.9,2.0,77.3,1009.5
2008-10-07,119,23.2,13.1,17.4,,7.4,2.3,73.9,1013.7
2008-10-08,119,23.1,13.1,18.1,,3.8,1.8,75.3,1015.9
2008-10-09,119,25.8,13.0,18.9,,9.8,2.5,73.1,1017.7
2008-10-10,119,22.1,13.5,17.7,3.0,2.0,1.6,74.9,1014.4
2008-10-11,119,20.2,9.3,14.1,,10.5,2.4,54.6,1016.7
2008-10-12,119,20.5,7.6,13.2,,10.2,2.1,68.5,1015.0
2008-10-13,119,21.6,7.5,14.5,,7.0,1.8,76.0,1014.7
2008-10-14,119,21.8,9.1,15.1,,9.9,1.9,78.6,1016.6
2008-10-15,119,22.0,11.4,16.3,,3.3,0.8,86.4,1019.8
2008-10-16,119,24.5,11.2,17.7,,5.2,1.3,82.4,1019.9
2008-10-17,119,25.3,12.5,18.3,,7.9,1.5,81.6,1020.1
2008-10-18,119,28.9,12.1,19.3,,9.3,2.5,76.1,1019.1
2008-10-19,119,23.6,12.9,17.8,,1.9,1.3,81.4,1016.7
2008-10-20,119,26.6,11.0,17.7,,8.4,1.4,83.5,1015.9
2008-10-21,119,25.0,12.2,19.2,,5.4,1.3,70.1,1015.5
2008-10-22,119,19.4,15.7,16.9,6.5,0.0,0.6,84.9,1012.1
2008-10-23,119,21.4,14.4,17.5,8.5,0.0,1.1,90.3,1007.7
2008-10-24,119,15.5,8.4,11.7,0.1,6.0,1.5,60.5,1016.7
2008-10-25,119,16.0,6.6,11.7,2.5,2.8,0.7,81.0,1014.6
2008-10-26,119,16.7,11.0,13.6,,7.4,1.6,50.4,1012.5
2008-10-27,119,16.2,7.0,11.2,,6.9,2.1,61.9,1014.8
2008-10-28,119,16.4,4.1,10.4,,8.6,1.3,72.1,1013.2
2008-10-29,119,17.7,7.7,12.0,0.0,7.2,1.7,65.5,1013.4
2008-10-30,119,15.8,4.8,11.4,,7.4,1.3,60.9,1017.5
2008-10-31,119,15.6,7.2,10.6,15.0,2.6,0.9,92.3,1013.7
2009-10-01,119,27.3,16.5,21.5,,8.2,3.3,72.8,1012.0
2009-10-02,119,24.8,14.2,19.0,,8.9,3.2,66.3,1005.9
2009-10-03,119,23.6,9.9,17.3,,10.3,3.3,63.5,1009.8
2009-10-04,119,22.5,12.8,17.4,,9.5,3.1,54.9,1013.0
2009-10-05,119,24.1,9.9,17.1,,10.3,2.5,71.3,1014.3
2009-10-06,119,25.3,12.8,18.5,,10.6,2.5,66.1,1015.2
2009-10-07,119,24.2,13.2,18.1,,7.7,3.0,58.8,1013.2
2009-10-08,119,21.9,12.7,16.9,,9.8,2.7,51.1,1010.2
2009-10-09,119,21.0,10.1,15.7,,7.1,2.4,61.3,1011.6
2009-10-10,119,21.4,9.1,15.0,,10.4,2.3,72.6,1015.4
2009-10-11,119,22.7,9.6,15.7,,6.8,1.9,71.8,1017.4
2009-10-12,119,21.6,10.2,14.8,,8.8,2.1,73.3,1013.8
2009-10-13,119,19.2,9.2,13.4,10.5,4.9,1.9,84.4,1011.7
2009-10-14,119,20.2,10.2,14.0,0.0,8.1,2.2,82.8,1013.2
2009-10-15,119,22.0,8.5,14.9,,8.5,1.7,78.3,1014.4
2009-10-16,119,22.5,10.0,16.6,0.0,6.6,1.3,75.3,1007.7
2009-10-17,119,18.1,11.1,13.9,19.0,6.0,2.0,74.1,1001.5
2009-10-18,119,19.3,7.2,13.9,,9.3,3.0,63.4,1004.8
2009-10-19,119,15.8,10.4,12.7,13.5,4.7,2.0,69.1,1003.9
2009-10-20,119,16.3,6.9,11.1,,9.6,1.9,57.3,1013.6
2009-10-21,119,19.2,6.9,12.4,,9.9,2.0,69.0,1016.9
2009-10-22,119,20.7,5.6,12.8,,7.3,2.2,68.8,1016.4
2009-10-23,119,21.4,12.1,16.5,0.0,3.3,1.9,68.3,1014.5
2009-10-24,119,22.6,12.4,17.2,,7.3,2.0,72.0,1015.5
2009-10-25,119,21.6,11.6,15.8,,6.4,1.8,75.1,1016.2
2009-10-26,119,21.6,9.5,15.1,,7.0,2.0,86.3,1012.6
2009-10-27,119,20.6,10.7,15.2,,8.8,2.5,83.3,1014.5
2009-10-28,119,21.2,8.4,14.2,,5.8,2.1,76.4,1018.9
2009-10-29,119,23.6,9.3,16.2,,6.8,1.8,70.4,1017.5
2009-10-30,119,25.1,13.7,18.2,,8.4,1.7,71.0,1018.8
2009-10-31,119,19.9,12.4,16.3,21.5,0.3,1.3,87.1,1012.5
2010-10-01,119,22.6,9.9,15.9,,8.2,2.1,76.0,1017.5
2010-10-02,119,21.0,13.3,17.0,16.5,0.5,0.3,86.4,1012.4
2010-10-03,119,23.1,15.4,18.2,6.0,6.6,1.4,83.5,1005.2
2010-10-04,119,18.5,13.0,14.7,5.0,0.9,1.5,85.4,1005.5
2010-10-05,119,20.1,11.2,15.3,,8.4,2.2,79.0,1010.7
2010-10-06,119,22.6,10.2,15.8,,9.9,2.3,79.6,1015.2
2010-10-07,119,24.3,11.1,17.4,,10.1,2.1,76.9,1016.4
2010-10-08,119,24.2,14.4,19.3,,4.5,1.8,72.5,1013.1
2010-10-09,119,24.7,15.6,19.5,,9.0,2.4,78.0,1007.9
2010-10-10,119,23.8,14.0,18.1,,7.0,2.2,86.6,1010.6
2010-10-11,119,21.5,15.7,18.4,,0.1,0.9,88.4,1011.6
2010-10-12,119,20.1,12.2,16.0,0.0,1.7,1.5,88.6,1012.4
2010-10-13,119,19.5,11.8,15.1,,0.3,0.8,85.1,1010.9
2010-10-14,119,20.5,9.9,15.2,,7.4,2.5,80.0,1010.0
2010-10-15,119,17.6,9.8,13.6,,9.2,2.4,54.4,1012.6
2010-10-16,119,22.4,9.7,16.1,0.0,9.8,2.8,73.9,1014.7
2010-10-17,119,20.3,10.7,15.3,2.5,7.2,1.7,79.9,1019.2
2010-10-18,119,20.2,7.5,13.2,,9.2,2.2,71.4,1021.4
2010-10-19,119,22.4,8.9,15.0,,6.7,1.5,76.5,1019.8
2010-10-20,119,21.2,11.1,14.6,,4.9,1.5,85.1,1017.4
2010-10-21,119,22.6,8.6,15.3,,8.6,2.0,80.3,1016.0
2010-10-22,119,23.5,11.6,16.5,,8.7,3.1,70.6,1017.9
2010-10-23,119,21.9,10.8,15.8,,5.7,1.4,75.5,1016.0
2010-10-24,119,23.4,14.1,17.4,,6.3,2.3,76.4,1009.7
2010-10-25,119,15.9,5.3,11.0,,7.6,3.3,53.8,1012.6
2010-10-26,119,8.7,2.2,4.9,,10.3,2.2,34.1,1024.6
2010-10-27,119,12.3,-1.6,5.6,,4.0,1.0,52.5,1025.0
2010-10-28,119,12.6,-0.4,6.4,,10.0,1.8,60.6,1021.3
2010-10-29,119,18.0,0.5,8.9,,10.1,1.9,57.4,1022.4
2010-10-30,119,19.0,4.5,10.9,,9.6,2.3,66.1,1022.5
2010-10-31,119,17.5,4.6,11.1,,2.2,1.1,70.8,1019.1
2011-10-01,119,16.9,7.4,12.5,,10.1,3.3,61.5,1018.5
2011-10-02,119,18.6,7.4,13.7,,9.4,3.4,54.9,1020.1
2011-10-03,119,20.6,5.6,12.7,,11.0,2.9,63.6,1020.7
2011-10-04,119,21.2,7.1,14.5,,10.4,2.6,62.6,1018.4
2011-10-05,119,22.3,12.1,16.1,,5.5,2.3,62.8,1012.1
2011-10-06,119,21.1,12.1,15.8,,7.5,3.1,66.3,1010.8
2011-10-07,119,20.9,8.7,14.6,,10.5,2.4,70.6,1016.2
2011-10-08,119,22.3,9.3,15.3,,9.9,2.3,74.3,1018.8
2011-10-09,119,22.6,10.6,16.1,,3.7,1.6,75.1,1018.8
2011-10-10,119,22.6,11.0,16.2,,4.8,1.8,79.5,1017.7
2011-10-11,119,22.0,10.4,15.3,,8.6,2.4,76.1,1016.1
2011-10-12,119,19.9,8.4,14.2,,0.6,1.4,72.3,1014.1
2011-10-13,119,23.8,8.7,15.9,,9.6,1.5,74.1,1011.4
2011-10-14,119,15.8,13.0,14.8,7.0,0.0,1.1,88.1,1008.4
2011-10-15,119,19.1,10.7,13.7,20.5,,3.4,91.0,1004.7
2011-10-16,119,19.8,10.2,14.7,2.5,,2.2,74.1,1006.5
2011-10-17,119,15.8,7.1,11.2,,,3.3,50.6,1015.6
2011-10-18,119,16.2,2.0,8.9,,10.5,2.0,58.8,1021.5
2011-10-19,119,21.5,3.3,12.5,,10.2,2.3,63.0,1021.8
2011-10-20,119,21.6,10.7,15.7,,7.0,2.0,65.9,1020.2
2011-10-21,119,22.0,11.1,17.2,0.3,3.4,1.6,68.1,1015.4
2011-10-22,119,22.0,12.3,16.5,1.5,4.3,1.7,79.5,1011.2
2011-10-23,119,21.7,10.1,16.2,0.0,5.0,1.8,79.4,1013.9
2011-10-24,119,16.2,8.8,13.2,0.1,0.0,1.3,77.3,1012.9
2011-10-25,119,12.5,5.7,8.4,,10.4,2.4,45.4,1020.3
2011-10-26,119,16.3,1.2,8.1,,9.7,2.0,66.5,1021.7
2011-10-27,119,19.2,4.5,11.5,,7.5,2.1,63.9,1021.9
2011-10-28,119,20.0,10.0,13.5,,5.8,1.3,71.8,1020.4
2011-10-29,119,14.9,10.8,12.7,6.5,0.0,1.0,89.5,1017.9
2011-10-30,119,20.7,9.9,14.7,,9.0,2.2,72.1,1017.4
2011-10-31,119,23.1,6.7,13.7,,8.7,1.8,68.9,1021.8
2012-10-01,119,24.6,11.2,17.5,,10.9,2.1,75.9,1011.0
2012-10-02,119,24.9,12.8,18.1,,8.8,1.9,79.8,1012.8
2012-10-03,119,26.1,13.8,19.4,,8.7,2.4,75.8,1010.3
2012-10-04,119,24.4,12.9,18.5,,10.3,2.5,75.8,1008.8
2012-10-05,119,23.4,13.9,18.5,,4.2,1.8,78.6,1013.9
2012-10-06,119,24.4,14.4,18.6,,7.5,1.5,75.1,1016.6
2012-10-07,119,25.3,12.6,18.3,,8.8,2.1,69.4,1018.4
2012-10-08,119,24.1,13.4,17.4,,9.2,2.1,66.8,1017.5
2012-10-09,119,22.0,10.8,16.3,,5.8,1.3,76.0,1013.3
2012-10-10,119,20.8,10.9,15.1,18.5,3.9,1.1,82.4,1010.0
2012-10-11,119,19.2,8.1,13.2,,11.0,2.1,61.8,1012.9
2012-10-12,119,22.2,6.6,14.1,,10.1,2.0,68.3,1015.0
2012-10-13,119,23.4,9.3,15.6,,9.1,2.2,68.3,1014.1
2012-10-14,119,22.8,10.7,15.9,,7.6,3.3,55.3,1014.7
2012-10-15,119,22.1,6.5,13.7,,10.3,2.5,53.3,1019.2
2012-10-16,119,23.8,8.3,16.5,0.0,8.2,2.1,64.3,1015.2
2012-10-17,119,16.2,8.8,13.2,2.0,6.8,1.6,65.4,1011.4
2012-10-18,119,17.4,3.9,10.9,,10.6,2.2,60.5,1015.4
2012-10-19,119,20.1,8.3,13.6,,9.5,1.9,65.5,1017.9
2012-10-20,119,21.0,8.1,15.2,,6.2,2.0,76.3,1017.6
2012-10-21,119,23.8,14.0,17.8,,5.9,1.3,78.8,1018.5
2012-10-22,119,17.0,9.3,13.5,47.5,0.0,1.0,84.8,1008.4
2012-10-23,119,15.1,5.0,10.3,0.0,10.3,2.0,59.1,1013.4
2012-10-24,119,18.7,7.7,12.1,,5.4,1.3,76.1,1015.1
2012-10-25,119,20.0,9.5,14.3,0.0,3.9,1.0,79.9,1017.5
2012-10-26,119,22.7,9.5,15.1,,8.1,1.0,75.0,1018.5
2012-10-27,119,16.8,12.7,14.8,28.5,0.0,0.1,91.3,1011.4
2012-10-28,119,18.6,10.7,14.8,0.0,9.8,2.3,72.3,1014.7
2012-10-29,119,17.1,6.3,11.8,,7.0,1.6,69.3,1015.6
2012-10-30,119,12.8,4.5,8.9,0.1,9.3,1.7,65.3,1013.1
2012-10-31,119,12.5,2.1,7.2,2.0,4.5,2.1,66.1,1012.4
2013-10-01,119,28.1,17.3,21.6,,7.9,2.4,75.9,1011.7
2013-10-02,119,23.6,14.1,19.5,0.0,6.5,3.9,67.1,1008.4
2013-10-03,119,22.1,11.7,16.3,,11.2,2.8,55.8,1014.4
2013-10-04,119,26.2,10.3,17.1,,11.0,2.4,69.3,1016.3
2013-10-05,119,28.1,11.2,19.7,,11.2,3.0,60.1,1017.9
2013-10-06,119,26.6,16.3,21.7,,5.3,2.8,60.4,1019.0
2013-10-07,119,28.6,19.6,22.8,,1.3,2.8,73.0,1015.5
2013-10-08,119,22.3,19.0,20.5,4.1,0.0,1.4,90.1,1009.6
2013-10-09,119,27.2,15.5,20.6,,10.3,2.3,73.3,1010.2
2013-10-10,119,26.2,14.9,20.8,,6.9,2.5,80.4,1009.8
2013-10-11,119,21.7,12.2,18.4,0.0,9.5,2.7,64.5,1008.6
2013-10-12,119,22.4,9.1,15.8,,10.8,2.5,63.6,1015.7
2013-10-13,119,23.3,10.7,16.5,,9.6,2.9,71.9,1017.6
2013-10-14,119,24.7,12.0,18.2,,9.5,2.2,73.1,1014.9
2013-10-15,119,16.7,10.1,13.1,1.1,0.0,0.6,77.6,1013.3
2013-10-16,119,17.9,6.7,11.6,,10.8,2.3,60.0,1018.1
2013-10-17,119,19.3,6.1,11.9,,10.0,1.6,70.3,1024.3
2013-10-18,119,20.7,7.3,13.3,,10.5,1.5,68.0,1024.8
2013-10-19,119,20.0,9.2,14.6,,5.5,1.6,69.5,1021.7
2013-10-20,119,22.8,11.0,16.4,,9.8,1.9,70.0,1015.9
2013-10-21,119,22.1,10.5,16.1,,10.1,2.0,63.6,1015.9
2013-10-22,119,22.7,11.4,16.6,,10.5,2.4,52.0,1018.9
2013-10-23,119,22.6,11.9,16.3,,10.3,1.1,59.1,1016.7
2013-10-24,119,19.5,8.6,13.5,,9.7,3.0,61.5,1013.8
2013-10-25,119,15.4,5.3,9.9,,10.0,2.6,49.3,1013.8
2013-10-26,119,16.2,3.6,9.3,,10.0,1.6,66.6,1013.7
2013-10-27,119,18.8,3.9,10.4,,9.7,1.3,73.5,1018.2
2013-10-28,119,17.5,5.2,10.4,,5.5,1.2,79.6,1020.6
2013-10-29,119,18.0,7.4,12.2,0.2,3.0,1.1,81.8,1019.5
2013-10-30,119,16.3,5.2,10.4,,9.5,1.4,70.6,1021.3
2013-10-31,119,20.1,4.9,11.3,,9.3,1.7,72.8,1022.2
2014-10-01,119,24.0,16.0,19.0,,5.0,1.3,74.8,1013.0
2014-10-02,119,21.3,15.6,18.2,0.5,0.0,1.3,87.1,1006.2
2014-10-03,119,20.9,11.6,16.2,,6.2,1.8,74.5,1008.8
2014-10-04,119,23.5,11.1,17.0,,10.4,3.8,65.1,1015.6
2014-10-05,119,22.5,11.9,16.9,,10.9,3.3,53.4,1014.7
2014-10-06,119,22.3,11.3,16.4,,10.2,2.5,60.4,1014.5
2014-10-07,119,23.0,10.5,15.8,,10.4,2.0,71.4,1018.0
2014-10-08,119,24.3,9.3,15.9,,10.3,,70.0,1018.1
2014-10-09,119,26.1,11.0,17.8,,10.6,2.2,70.8,1016.7
2014-10-10,119,27.4,11.7,19.6,,10.5,3.4,65.8,1017.5
2014-10-11,119,26.1,14.1,19.4,,10.8,3.0,57.8,1019.0
2014-10-12,119,28.2,13.6,20.1,,9.7,3.1,57.3,1014.0
2014-10-13,119,22.1,11.9,17.7,,8.8,3.7,54.3,1008.9
2014-10-14,119,20.7,8.5,13.6,,10.8,2.4,53.8,1013.5
2014-10-15,119,20.3,8.7,13.4,,8.9,3.2,63.4,1014.2
2014-10-16,119,18.9,9.2,13.5,6.8,8.1,1.9,52.9,1015.1
2014-10-17,119,21.1,5.3,12.4,,10.3,2.1,63.1,1019.2
2014-10-18,119,22.1,7.6,13.9,,9.7,1.5,75.1,1020.0
2014-10-19,119,22.8,8.6,16.3,,5.8,1.3,65.8,1018.3
2014-10-20,119,16.4,13.3,14.9,35.0,0.0,0.3,98.9,1012.7
2014-10-21,119,15.8,12.2,14.2,41.1,0.0,0.1,92.8,1012.7
2014-10-22,119,19.0,9.8,13.4,,6.3,2.0,73.9,1016.2
2014-10-23,119,19.7,8.1,13.2,,9.9,2.0,76.1,1017.2
2014-10-24,119,21.2,8.9,14.1,,5.3,2.1,85.3,1016.6
2014-10-25,119,22.2,9.8,15.0,,8.3,1.7,87.8,1016.4
2014-10-26,119,20.2,11.1,15.5,0.0,2.2,0.9,84.0,1014.6
2014-10-27,119,18.2,6.4,11.1,,10.3,1.9,39.9,1019.5
2014-10-28,119,18.3,1.9,9.2,,10.2,1.6,62.8,1022.1
2014-10-29,119,20.7,4.3,11.4,,9.0,1.3,63.6,1022.4
2014-10-30,119,20.6,6.2,13.1,,4.8,1.0,58.6,1020.3
2014-10-31,119,15.9,11.1,13.3,2.0,0.0,0.3,79.3,1014.5
2015-10-01,119,20.4,12.5,16.9,25.3,0.0,1.5,86.1,999.3
2015-10-02,119,22.4,7.6,15.9,,10.4,2.0,67.9,1010.4
2015-10-03,119,25.3,14.2,18.7,,9.9,5.1,60.8,1014.9
2015-10-04,119,24.4,11.2,16.3,,7.4,2.0,47.8,1022.2
2015-10-05,119,25.9,10.5,17.4,,10.9,1.5,62.4,1019.6
2015-10-06,119,26.6,10.5,17.5,,10.5,2.9,68.8,1017.1
2015-10-07,119,26.5,12.2,19.1,,6.5,1.8,67.4,1013.6
2015-10-08,119,25.9,13.9,19.4,,9.3,2.9,71.0,1008.2
2015-10-09,119,20.8,11.5,16.2,,10.9,3.5,48.9,1007.4
2015-10-10,119,17.4,9.8,13.2,12.6,1.6,0.7,76.8,1005.9
2015-10-11,119,15.6,6.5,10.2,4.7,1.1,0.2,93.5,1008.9
2015-10-12,119,18.0,8.3,12.9,,9.8,2.1,67.0,1013.7
2015-10-13,119,22.2,6.7,14.6,,10.5,2.6,75.9,1016.3
2015-10-14,119,24.6,10.6,16.3,,8.0,2.9,76.4,1016.6
2015-10-15,119,26.6,10.7,17.2,,9.5,2.1,73.0,1015.8
2015-10-16,119,24.6,12.8,17.2,,6.3,1.7,85.1,1015.9
2015-10-17,119,26.7,11.3,17.3,,9.7,1.0,78.0,1016.8
2015-10-18,119,25.1,10.6,16.3,,6.2,2.4,83.9,1016.3
2015-10-19,119,24.4,12.2,17.4,,8.0,1.8,76.8,1013.5
2015-10-20,119,25.0,13.2,17.7,,5.7,1.3,84.1,1013.3
2015-10-21,119,24.0,12.6,17.2,,5.4,1.1,86.1,1015.3
2015-10-22,119,23.3,13.1,17.5,,5.6,1.2,82.8,1016.6
2015-10-23,119,22.6,14.0,17.1,,7.0,1.2,79.3,1015.2
2015-10-24,119,22.8,11.7,16.9,3.4,5.9,1.4,74.6,1014.6
2015-10-25,119,22.4,10.4,15.5,,8.8,2.7,60.4,1019.7
2015-10-26,119,20.9,10.8,15.6,0.1,1.5,1.6,69.0,1015.0
2015-10-27,119,17.7,7.6,12.8,18.3,6.4,2.4,73.4,1008.0
2015-10-28,119,17.7,6.1,11.5,,10.0,2.1,52.5,1015.7
2015-10-29,119,15.4,3.4,9.2,3.0,8.3,1.9,56.9,1018.9
2015-10-30,119,11.5,4.2,6.9,,10.2,2.1,43.9,1023.7
2015-10-31,119,12.7,-0.1,5.6,,10.2,1.5,58.9,1025.9
2016-10-01,119,24.5,17.5,20.3,,1.1,1.2,86.0,1013.9
2016-10-02,119,21.7,16.8,19.1,16.7,0.0,0.6,91.8,1009.7
2016-10-03,119,28.2,17.6,22.7,3.3,7.0,2.2,88.5,1006.1
2016-10-04,119,28.9,13.9,22.0,,10.9,3.9,67.6,1010.9
2016-10-05,119,26.8,17.0,20.6,3.0,5.4,2.3,74.3,1007.0
2016-10-06,119,24.0,13.6,17.7,,10.4,2.9,68.8,1017.2
2016-10-07,119,24.7,14.3,19.1,18.0,5.3,1.7,78.4,1015.7
2016-10-08,119,22.7,11.6,17.4,20.5,6.7,2.9,71.0,1008.9
2016-10-09,119,17.0,7.5,11.8,,10.8,2.8,48.9,1016.2
2016-10-10,119,21.3,7.0,12.9,,9.1,2.2,58.0,1017.1
2016-10-11,119,21.3,9.7,14.7,,6.2,1.7,74.6,1016.5
2016-10-12,119,20.9,11.3,15.3,,9.7,2.4,65.5,1018.3
2016-10-13,119,21.9,8.2,14.2,,9.2,2.0,59.8,1019.4
2016-10-14,119,23.6,9.0,15.5,,8.5,1.8,76.9,1021.3
2016-10-15,119,26.8,11.1,17.9,,8.1,2.1,71.4,1021.1
2016-10-16,119,19.5,15.4,17.0,2.1,0.0,0.7,81.6,1015.4
2016-10-17,119,22.8,14.3,17.5,0.0,6.0,1.5,83.8,1014.2
2016-10-18,119,21.5,10.8,15.0,,5.2,1.2,90.4,1016.2
2016-10-19,119,24.6,11.4,16.7,,8.5,2.0,82.8,1014.4
2016-10-20,119,25.1,10.8,17.4,,8.4,2.9,73.8,1015.3
2016-10-21,119,19.8,16.4,17.6,0.0,0.1,1.8,62.4,1016.0
2016-10-22,119,21.8,14.6,17.8,,1.9,1.7,64.3,1010.5
2016-10-23,119,17.9,10.1,13.6,3.5,0.0,1.0,75.6,1012.9
2016-10-24,119,19.6,8.1,15.1,,9.2,2.3,61.1,1013.6
2016-10-25,119,19.0,11.0,13.9,30.7,2.1,0.7,94.0,1007.7
2016-10-26,119,16.6,8.7,12.5,,2.3,0.9,90.5,1016.3
2016-10-27,119,19.8,8.6,14.5,,4.5,1.7,76.3,1018.9
2016-10-28,119,17.7,11.2,14.5,1.3,0.3,1.6,68.3,1013.5
2016-10-29,119,13.0,3.9,8.5,,1.3,1.6,45.1,1022.1
2016-10-30,119,15.5,0.0,7.1,,10.3,2.1,48.0,1025.6
2016-10-31,119,10.2,1.8,6.6,0.0,0.0,1.1,59.0,1023.1
2017-10-01,119,21.8,14.8,17.2,10.0,1.2,0.8,88.5,1012.9
2017-10-02,119,28.6,15.4,21.1,1.6,9.6,3.4,72.1,1007.2
2017-10-03,119,22.8,12.8,17.2,,4.4,2.1,53.3,1014.3
2017-10-04,119,23.2,10.1,16.7,,8.4,2.7,56.3,1019.1
2017-10-05,119,22.2,14.2,17.9,,4.8,2.3,63.5,1019.4
2017-10-06,119,21.5,13.4,17.9,0.0,2.8,1.4,71.4,1015.1
2017-10-07,119,26.3,16.6,20.5,,6.0,1.9,79.0,1015.9
2017-10-08,119,27.1,17.5,21.0,,8.0,2.1,80.9,1018.4
2017-10-09,119,27.8,16.8,21.2,,9.7,2.5,79.0,1017.7
2017-10-10,119,25.3,16.8,20.8,0.1,1.2,1.1,87.3,1014.6
2017-10-11,119,21.2,12.2,15.4,16.8,0.5,1.0,87.1,1014.6
2017-10-12,119,13.9,7.3,11.5,0.2,0.1,0.9,79.5,1017.0
2017-10-13,119,18.3,4.4,12.0,,8.4,2.3,66.8,1018.6
2017-10-14,119,20.2,6.4,13.6,,8.7,2.8,54.3,1021.9
2017-10-15,119,21.6,7.1,14.5,,7.4,2.3,57.1,1023.3
2017-10-16,119,21.8,13.1,16.3,,3.5,2.0,56.4,1022.7
2017-10-17,119,22.9,7.0,14.8,,10.3,2.4,62.8,1020.4
2017-10-18,119,18.1,13.5,15.9,0.0,0.2,1.5,64.8,1019.2
2017-10-19,119,21.9,11.5,15.9,,9.3,2.0,65.9,1015.5
2017-10-20,119,23.8,9.2,15.5,,10.3,2.3,70.4,1015.1
2017-10-21,119,24.6,8.5,15.2,,10.2,2.4,70.1,1013.8
2017-10-22,119,22.4,7.4,15.2,,10.0,3.4,62.3,1009.9
2017-10-23,119,19.1,8.6,12.9,,10.1,2.1,56.9,1014.1
2017-10-24,119,20.1,8.1,13.0,,7.4,1.7,66.9,1020.1
2017-10-25,119,20.2,6.9,12.3,,9.4,2.0,78.4,1021.1
2017-10-26,119,19.9,8.6,14.3,,4.1,1.6,63.5,1017.6
2017-10-27,119,23.3,10.0,15.3,,9.1,1.9,68.4,1015.9
2017-10-28,119,24.1,8.4,15.7,,9.9,2.2,67.8,1016.0
2017-10-29,119,18.1,6.2,11.3,,7.3,2.9,55.6,1013.6
2017-10-30,119,13.3,2.1,6.7,,10.2,2.1,42.0,1021.8
2017-10-31,119,16.9,0.3,8.2,,10.0,1.8,71.9,1021.4
2018-10-01,119,20.8,10.8,15.7,0.1,6.7,2.7,64.1,1004.6
2018-10-02,119,21.8,8.9,14.8,,11.0,2.9,74.1,1013.7
2018-10-03,119,24.6,9.8,16.4,,11.0,3.4,72.5,1018.1
2018-10-04,119,25.6,11.6,19.3,,8.9,3.6,64.3,1019.6
2018-10-05,119,19.4,15.6,17.1,27.2,0.0,0.6,89.4,1014.0
2018-10-06,119,22.6,14.8,17.7,76.0,2.4,1.3,91.3,1003.0
2018-10-07,119,22.2,11.4,16.4,,10.4,3.3,65.8,1013.1
2018-10-08,119,21.2,7.4,13.7,,9.3,2.2,63.9,1015.8
2018-10-09,119,19.7,8.9,14.9,,1.9,2.0,67.8,1012.4
2018-10-10,119,16.2,8.0,12.7,3.0,6.8,2.2,63.8,1013.8
2018-10-11,119,15.5,4.0,9.8,,8.3,2.6,60.3,1019.1
2018-10-12,119,17.8,3.9,10.3,,11.0,2.8,68.8,1022.2
2018-10-13,119,19.7,5.0,11.6,,10.7,2.5,71.0,1021.7
2018-10-14,119,21.0,5.8,13.1,,9.7,2.7,69.8,1019.0
2018-10-15,119,21.8,8.6,14.2,,7.7,2.0,84.5,1016.5
2018-10-16,119,20.7,8.9,13.6,,5.9,2.0,76.5,1013.0
2018-10-17,119,19.0,6.6,11.4,,10.5,3.1,72.5,1012.4
2018-10-18,119,18.8,5.0,10.7,3.8,7.3,2.0,86.9,1016.4
2018-10-19,119,20.5,6.0,12.7,,10.8,2.6,67.5,1021.3
2018-10-20,119,21.6,5.5,12.2,,10.1,2.6,72.9,1021.8
2018-10-21,119,21.1,5.2,12.0,,10.3,2.6,70.3,1019.6
2018-10-22,119,20.1,6.7,12.2,,6.3,1.8,72.3,1016.4
2018-10-23,119,16.3,7.5,10.7,5.9,4.1,0.9,94.0,1013.9
2018-10-24,119,19.3,6.0,11.6,,10.1,2.2,80.5,1017.1
2018-10-25,119,21.5,5.6,12.8,,9.5,2.3,69.8,1016.5
2018-10-26,119,14.7,10.1,12.4,7.2,2.0,1.1,79.9,1008.4
2018-10-27,119,13.6,5.5,9.8,0.0,8.6,2.2,55.9,1011.2
2018-10-28,119,16.1,5.0,9.1,9.4,3.2,1.1,82.5,1006.5
2018-10-29,119,13.5,3.9,7.7,0.1,5.6,1.6,70.3,1011.0
2018-10-30,119,12.5,-0.2,6.6,0.0,10.4,2.1,61.1,1017.8
2018-10-31,119,13.1,2.9,7.5,0.0,10.3,2.1,66.6,1019.7
2019-10-01,119,27.4,15.7,22.0,,4.6,2.0,85.9,1013.5
2019-10-02,119,23.8,20.4,21.9,25.1,0.0,0.6,94.6,1006.8
2019-10-03,119,27.8,19.9,22.8,13.2,5.5,2.3,85.3,1001.8
2019-10-04,119,26.9,17.8,21.9,,9.8,2.5,87.8,1008.2
2019-10-05,119,22.0,15.7,18.9,0.1,4.9,2.3,82.4,1011.9
2019-10-06,119,22.0,14.0,18.0,,8.6,2.6,68.5,1018.0
2019-10-07,119,17.9,13.4,14.8,25.6,0.0,0.5,96.6,1013.5
2019-10-08,119,20.6,10.7,15.0,0.0,10.3,3.0,70.8,1014.0
2019-10-09,119,19.6,6.4,12.8,,10.7,2.7,71.9,1015.3
2019-10-10,119,20.2,9.5,14.9,,1.4,1.5,79.9,1011.9
2019-10-11,119,24.8,12.1,18.8,,10.5,3.1,74.8,1010.6
2019-10-12,119,23.3,14.1,18.3,,10.5,3.5,64.3,1013.2
2019-10-13,119,22.9,12.5,16.9,,10.4,2.5,71.3,1017.9
2019-10-14,119,19.4,8.5,14.0,,8.7,2.5,73.0,1020.6
2019-10-15,119,19.6,7.3,13.3,,8.9,2.1,76.3,1023.4
2019-10-16,119,20.0,7.9,13.9,,8.3,2.1,79.6,1021.8
2019-10-17,119,20.6,9.1,14.6,,6.3,2.2,79.9,1019.8
2019-10-18,119,21.9,10.0,16.7,,5.1,2.2,75.4,1017.4
2019-10-19,119,22.2,10.4,16.0,,9.5,2.1,85.3,1016.2
2019-10-20,119,21.7,10.8,15.1,,6.2,2.0,88.5,1017.2
2019-10-21,119,23.9,9.5,16.1,,10.1,2.5,81.5,1014.1
2019-10-22,119,23.0,11.1,16.6,,9.9,2.2,78.1,1013.2
2019-10-23,119,20.0,12.4,17.0,,0.0,1.6,73.1,1014.5
2019-10-24,119,23.3,14.1,18.6,,5.3,2.9,62.6,1014.5
2019-10-25,119,21.7,10.7,16.6,0.0,6.7,2.1,71.8,1013.3
2019-10-26,119,13.9,6.4,9.8,,10.0,1.9,75.5,1014.6
2019-10-27,119,16.8,3.0,10.2,,10.1,2.1,76.8,1015.1
2019-10-28,119,17.4,6.3,12.4,2.7,7.3,1.9,79.6,1011.3
2019-10-29,119,18.1,8.2,12.6,6.4,8.0,2.2,75.4,1011.5
2019-10-30,119,17.1,3.3,10.3,,10.0,2.0,78.9,1017.2
2019-10-31,119,20.4,7.3,14.1,,7.9,1.7,86.1,1016.2
2020-10-01,119,24.3,15.1,18.7,,5.7,2.1,82.1,1009.0
2020-10-02,119,23.8,14.5,19.2,0.0,5.7,1.8,84.3,1010.5
2020-10-03,119,23.8,16.9,19.6,21.9,3.4,1.8,81.0,1010.5
2020-10-04,119,22.0,11.5,17.1,0.0,4.9,2.8,71.0,1008.3
2020-10-05,119,18.3,7.4,13.6,,9.4,2.9,61.3,1013.6
2020-10-06,119,19.8,7.5,13.7,,10.6,3.2,65.6,1017.9
2020-10-07,119,21.7,8.6,15.4,,8.2,2.8,60.8,1021.2
2020-10-08,119,23.4,10.8,17.3,,10.8,3.9,57.6,1022.1
2020-10-09,119,23.5,10.2,17.3,,10.5,3.4,58.9,1018.7
2020-10-10,119,21.5,10.3,16.6,,8.2,2.6,66.9,1015.2
2020-10-11,119,20.6,12.9,16.2,,4.7,1.5,77.5,1011.7
2020-10-12,119,21.2,11.5,15.4,,8.2,2.3,80.3,1011.0
2020-10-13,119,18.2,6.0,12.4,,7.8,2.3,64.5,1016.6
2020-10-14,119,19.5,8.2,12.9,,6.9,2.7,56.1,1020.5
2020-10-15,119,18.4,6.0,11.2,,6.9,2.5,54.5,1021.5
2020-10-16,119,16.1,6.5,11.6,,0.0,1.2,73.1,1019.4
2020-10-17,119,18.6,7.9,12.5,0.3,10.3,2.6,75.0,1018.8
2020-10-18,119,19.5,5.7,12.6,,9.9,2.3,78.9,1019.6
2020-10-19,119,21.0,7.1,14.0,,9.5,2.3,82.6,1020.5
2020-10-20,119,21.6,7.3,13.8,,9.7,2.3,77.6,1021.1
2020-10-21,119,17.3,9.9,14.0,,0.0,1.0,78.8,1014.4
2020-10-22,119,18.8,8.1,13.2,,6.2,2.5,71.0,1009.4
2020-10-23,119,12.9,5.1,8.7,,10.3,2.7,55.6,1010.8
2020-10-24,119,14.1,3.1,8.5,,10.3,2.6,55.9,1014.7
2020-10-25,119,18.0,3.7,10.8,,9.0,2.1,73.8,1015.8
2020-10-26,119,18.9,5.0,11.4,,9.0,1.9,79.6,1015.7
2020-10-27,119,19.5,6.6,12.6,,8.5,1.8,83.0,1016.8
2020-10-28,119,19.0,9.3,13.6,,9.5,3.0,61.1,1018.3
2020-10-29,119,16.4,2.2,9.5,,9.3,2.4,56.9,1019.6
2020-10-30,119,19.0,3.1,10.4,,9.8,2.4,60.4,1020.9
2020-10-31,119,18.6,5.7,12.9,,7.8,1.9,66.9,1019.9
2021-10-01,119,27.8,15.4,20.7,6.2,8.5,3.3,82.5,1004.5
2021-10-02,119,26.4,16.0,20.5,1.9,9.0,2.7,81.4,1009.6
2021-10-03,119,28.7,16.8,22.0,,8.7,3.0,75.4,1014.2
2021-10-04,119,27.2,17.4,23.3,0.0,0.3,1.8,77.1,1015.3
2021-10-05,119,28.1,22.3,24.3,,7.8,2.9,77.3,1016.2
2021-10-06,119,23.4,19.3,21.1,0.8,3.3,1.3,86.0,1014.9
2021-10-07,119,23.0,18.2,20.1,3.2,0.5,1.1,86.9,1012.5
2021-10-08,119,21.7,18.0,19.9,2.5,0.0,0.9,90.0,1016.5
2021-10-09,119,27.0,19.5,22.8,0.2,4.9,2.5,77.1,1017.2
2021-10-10,119,26.3,15.6,20.8,9.1,0.7,1.2,86.5,1013.9
2021-10-11,119,19.4,13.3,16.7,0.1,3.9,2.1,67.3,1016.8
2021-10-12,119,19.4,16.0,17.8,0.0,0.0,1.5,67.4,1020.5
2021-10-13,119,25.0,14.1,19.5,,9.6,2.8,67.9,1019.2
2021-10-14,119,23.9,15.5,19.0,,8.5,2.4,77.9,1015.2
2021-10-15,119,21.8,17.2,19.0,0.5,0.6,1.8,76.3,1013.8
2021-10-16,119,18.1,5.3,11.6,0.0,1.5,2.8,41.3,1018.9
2021-10-17,119,11.4,1.4,6.0,,10.7,2.8,39.4,1023.7
2021-10-18,119,16.3,1.8,10.3,0.0,8.6,2.3,59.8,1018.9
2021-10-19,119,16.3,6.3,10.9,11.3,7.6,2.2,75.3,1015.4
2021-10-20,119,15.8,3.5,9.0,,10.5,2.3,69.6,1017.0
2021-10-21,119,16.1,3.7,9.3,,9.2,2.0,70.6,1015.7
2021-10-22,119,17.0,2.9,10.1,,10.3,2.8,64.8,1018.1
2021-10-23,119,18.1,3.7,10.2,,10.0,2.5,68.6,1023.8
2021-10-24,119,18.1,4.1,10.6,,9.9,2.3,73.8,1022.0
2021-10-25,119,17.9,4.7,10.7,,10.2,2.3,74.4,1018.7
2021-10-26,119,18.5,5.4,12.1,,9.0,1.9,78.4,1016.0
2021-10-27,119,18.6,9.3,13.0,0.2,9.2,2.7,68.3,1015.3
2021-10-28,119,20.0,4.3,11.8,,10.0,2.6,63.3,1019.0
2021-10-29,119,20.3,9.2,14.2,,9.5,2.6,60.1,1020.5
2021-10-30,119,19.2,10.4,14.2,,3.8,1.5,64.9,1019.5
2021-10-31,119,19.7,7.5,13.6,,9.0,1.7,80.3,1019.5
